,character,voice-actor,movie_title,ActorPop
0,Spot,Tara Strong,101 Dalmatians: The Series,14.092
1,Cadpig,Kath Soucie,101 Dalmatians: The Series,6.516
2,Powerline,Tevin Campbell,A Goofy Movie,0.6
3,Principal Mazur,Wallace Shawn,A Goofy Movie,11.178
4,Roxanne,Kellie Martin,A Goofy Movie,5.875
5,"Robert ""Bobby"" Zimmeruski",Pauly Shore,A Goofy Movie,4.477
6,The Sultan,Douglas Seale,Aladdin,1.948
7,Princess Jasmine,Linda Larkin; Lea Salonga,Aladdin,4.729
8,Genie,Robin Williams,Aladdin,9.202
9,Mechanicles,Charlie Adler,Aladdin,2.72
10,Rajah,Frank Welker,Aladdin,13.151
11,Iago,Gilbert Gottfried,Aladdin,11.197
12,Razoul,Jim Cummings,Aladdin,7.113
13,Abu,Frank Welker,Aladdin,13.151
14,Jafar,Jonathan Freeman,Aladdin,1.95
15,Haroud Hazi Bin,James Avery,Aladdin,5.601
16,Magic Carpet,None,Aladdin,0.6
17,Mozenrath,Jonathan Brandis,Aladdin,22.411
18,Aladdin,Scott Weinger; Brad Kane,Aladdin,4.348
19,Sadira,Kellie Martin,Aladdin,5.875
20,Xerxes,Frank Welker,Aladdin (TV series),13.151
21,Mirage,Bebe Neuwirth,Aladdin (TV series),6.643
22,Cassim,John Rhys-Davies,Aladdin and the King of Thieves,12.18
23,Sa'luk,Jerry Orbach,Aladdin and the King of Thieves,6.406
24,Nasira,Jodi Benson,Aladdin in Nasira's Revenge,5.223
25,Pete,Billy Bletcher; Jim Cummings,Alice Solves the Puzzle,4.3795
26,Dinah the Cat,None,Alice in Wonderland,0.6
27,The King of Hearts,Dink Trout,Alice in Wonderland,0.84
28,Tweedledum and Tweedledee,J. Pat O'Malley,Alice in Wonderland,4.057
29,The Dodo,Bill Thompson,Alice in Wonderland,2.009
30,The Doorknob,Joseph Kearns,Alice in Wonderland,5.168
31,The Carpenter,J. Pat O'Malley,Alice in Wonderland,4.057
32,The Caterpillar,Richard Haydn,Alice in Wonderland,3.451
33,The Rose,Doris Lloyd,Alice in Wonderland,4.744
34,Cheshire Cat,Sterling Holloway,Alice in Wonderland,6.789
35,The Dormouse,Jimmy MacDonald,Alice in Wonderland,0.6
36,The Queen of Hearts,Verna Felton,Alice in Wonderland,3.039
37,The Walrus,J. Pat O'Malley,Alice in Wonderland,4.057
38,Bill the Lizard,Larry Grey,Alice in Wonderland,0.98
39,Alice's Sister,Heather Angel,Alice in Wonderland,2.044
40,Mad Hatter,Ed Wynn,Alice in Wonderland,4.261
41,White Rabbit,Bill Thompson,Alice in Wonderland,2.009
42,Alice,Kathryn Beaumont,Alice in Wonderland,2.533
43,March Hare,Jerry Colonna,Alice in Wonderland,1.106
44,Ludwig Von Drake,Paul Frees,An Adventure in Color,4.964
45,Sylvia Marpole,Bebe Neuwirth,An Extremely Goofy Movie,6.643
46,Tank,Brad Garrett,An Extremely Goofy Movie,8.553
47,Bradley Uppercrust III,Jeff Bennett,An Extremely Goofy Movie,10.222
48,Beret Girl,Vicki Lewis,An Extremely Goofy Movie,4.204
49,Preston B. Whitmore,John Mahoney,Atlantis: The Lost Empire,3.628
50,Milo Thatch,Michael J. Fox,Atlantis: The Lost Empire,6.766
51,Fenton Q. Harcourt,David Ogden Stiers,Atlantis: The Lost Empire,5.256
52,"Vincenzo ""Vinny"" Santorini",Don Novello,Atlantis: The Lost Empire,5.908
53,Helga Sinclair,Claudia Christian,Atlantis: The Lost Empire,11.25
54,Princess Kidagakash,Cree Summer,Atlantis: The Lost Empire,6.787
55,Dr. Joshua Sweet,Phil Morris,Atlantis: The Lost Empire,2.298
56,King Kashekim Nedakh,Leonard Nimoy,Atlantis: The Lost Empire,5.306
57,Wilhelmina Packard,Florence Stanley,Atlantis: The Lost Empire,4.341
58,Audrey Ramirez,Jacqueline Obradors,Atlantis: The Lost Empire,9.99
59,Commander Lyle Rourke,James Garner,Atlantis: The Lost Empire,4.318
60,Cookie,Jim Varney,Atlantis: The Lost Empire,7.416
61,"Gaetan ""Mole"" Moliére",Corey Burton,Atlantis: The Lost Empire,4.803
62,Flower,Stan Alexander; Sterling Holloway,Bambi,3.8925
63,Thumper,Peter Behn; Sam Edwards,Bambi,2.7720000000000002
64,Thumper's Mother,Margaret Lee,Bambi,3.909
65,Faline,Cammie King; Ann Gillis,Bambi,1.5679999999999998
66,Mrs. Quail,Thelma Boardman,Bambi,0.84
67,Bambi's Mother,Paula Winslowe; Carolyn Hennesy,Bambi,3.1985
68,Bambi,Hardie Albright,Bambi,3.969
69,Bambi,Donnie Dunagan,Bambi,4.239
70,Man the Hunter,None,Bambi,0.6
71,Great Prince of the Forest,Fred Shields,Bambi,0.6
72,Friend Owl,Will Wright,Bambi,2.933
73,Bambi,Alexander Gould,Bambi,9.081
74,Mrs. Possum,Mary Lansing,Bambi,0.6
75,Ronno,Anthony Ghannam,Bambi II,0.6
76,Mena,Cree Summer,Bambi II,6.787
77,The Groundhog,Brian Pimental,Bambi II,2.503
78,Bookseller,Alvin Epstein,Beauty and the Beast,1.165
79,Gaston,Richard White,Beauty and the Beast,2.289
80,Fifi the Featherduster,Kimmy Robertson,Beauty and the Beast,5.853
81,Bimbette,Kath Soucie,Beauty and the Beast,6.516
82,Armoire,Jo Anne Worley,Beauty and the Beast,0.907
83,Lumière,Jerry Orbach,Beauty and the Beast,6.406
84,Monsieur D'Arque,Tony Jay,Beauty and the Beast,5.215
85,Sultan the Footstool,Frank Welker,Beauty and the Beast,13.151
86,Le Fou,Jesse Corti,Beauty and the Beast,3.487
87,Mrs. Potts,Angela Lansbury,Beauty and the Beast,5.462
88,Belle,Paige O'Hara,Beauty and the Beast,5.619
89,Cogsworth,David Ogden Stiers,Beauty and the Beast,5.256
90,Maurice,Rex Everhart,Beauty and the Beast,2.215
91,Beast,Robby Benson,Beauty and the Beast,7.326
92,Babette,Mary Kay Bergman,Beauty and the Beast,8.0
93,Baker,Alex Murphey,Beauty and the Beast,
94,Chef Bouche,Brian Cummings,Beauty and the Beast,1.436
95,Chip Potts,Bradley Michael Pierce,Beauty and the Beast,2.241
96,Philippe the Horse,Hal Smith,Beauty and the Beast,6.457
97,Axe,Jeff Bennett,Beauty and the Beast: The Enchanted Christmas,10.222
98,Forte the Pipe Organ,Tim Curry,Beauty and the Beast: The Enchanted Christmas,7.43
99,Angelique,Bernadette Peters,Beauty and the Beast: The Enchanted Christmas,4.606
100,Fife the Piccolo,Paul Reubens,Beauty and the Beast: The Enchanted Christmas,2.978
101,The Enchantress,Kath Soucie,Beauty and the Beast: The Enchanted Christmas,6.516
102,Secretary Bird,Lennie Weinrib,Bedknobs and Broomsticks,2.943
103,King Leonidas,Lennie Weinrib,Bedknobs and Broomsticks,2.943
104,Bear,Dal McKennon,Bedknobs and Broomsticks,2.232
105,Codfish,Robert Holt,Bedknobs and Broomsticks,0.6
106,Webster,Jim Cummings,Belle's Magical World,7.113
107,Crane,Jeff Bennett,Belle's Magical World,10.222
108,Le Plufme,Rob Paulsen,Belle's Magical World,5.487
109,Witherspoon,None,Belle's Magical World,0.6
110,Chandeleria,April Winchell,Belle's Magical World,5.382
111,Butch the Bulldog,Frank Welker,Bone Trouble,13.151
112,Miranda Wright,Karla DeVito,Bonkers,0.972
113,Toots,Frank Welker,Bonkers,13.151
114,Bonkers D. Bobcat,Jim Cummings,Bonkers,7.113
115,Fall-Apart Rabbit,Frank Welker,Bonkers,13.151
116,Tanana,Joan Copeland,Brother Bear,1.96
117,Sitka,D. B. Sweeney,Brother Bear,8.247
118,Rutt and Tuke,Rick Moranis; Dave Thomas,Brother Bear,4.03
119,Kenai,Joaquin Phoenix,Brother Bear,13.558
120,Koda,Jeremy Suarez,Brother Bear,6.686
121,Tug,Michael Clarke Duncan,Brother Bear,8.818
122,Denahi,Jason Raize,Brother Bear,0.728
123,Anda,Andrea Martin,Brother Bear 2,8.547
124,Kata,Catherine O'Hara,Brother Bear 2,7.007
125,Aunt Taqqiq,Kathy Najimy,Brother Bear 2,9.202
126,Aunt Siqiniq,Wendie Malick,Brother Bear 2,15.659
127,Atka,Jeff Bennett,Brother Bear 2,10.222
128,Nita,Mandy Moore,Brother Bear 2,10.289
129,Innoko,Wanda Sykes,Brother Bear 2,3.519
130,Hoonah,Tress MacNeille,Brother Bear 2,9.398
131,Zipper,Corey Burton,Chip 'n Dale Rescue Rangers,4.803
132,Monterey Jack,Jim Cummings,Chip 'n Dale Rescue Rangers,7.113
133,Fat Cat,Jim Cummings,Chip 'n Dale Rescue Rangers,7.113
134,Professor Norton Nimnul,Jim Cummings,Chip 'n Dale Rescue Rangers,7.113
135,Gadget Hackwrench,Tress MacNeille,Chip 'n Dale Rescue Rangers,9.398
136,The Grand Duke,Luis Van Rooten; Rob Paulsen,Cinderella,5.7325
137,Fairy Godmother,Verna Felton; Russi Taylor,Cinderella,3.7119999999999997
138,Major the Horse,None,Cinderella,0.6
139,"Jackson ""Jaq"" Hopscotch",Jimmy MacDonald; Rob Paulsen,Cinderella,3.0435
140,Cinderella,Ilene Woods,Cinderella,5.11
141,Anastasia Tremaine,Lucille Bliss,Cinderella,4.008
142,Bruno the Dog,Jimmy MacDonald; Frank Welker,Cinderella,6.8755
143,Drizella Tremaine,Rhoda Williams; Russi Taylor,Cinderella,4.239
144,The Doorman,Don Barclay,Cinderella,1.116
145,Lucifer the Cat,June Foray,Cinderella,3.5
146,Prince Charming,William Phipps,Cinderella,2.675
147,Gus Lollygagger,Jimmy MacDonald; Corey Burton,Cinderella,2.7015
148,The King,Luis Van Rooten,Cinderella,5.978
149,Footman,Larry Grey,Cinderella,0.98
150,Lady Tremaine,Eleanor Audley; Susanne Blakeslee,Cinderella,2.8674999999999997
151,Baker,Rob Paulsen,Cinderella II: Dreams Come True,5.487
152,Prudence,Holland Taylor,Cinderella II: Dreams Come True,12.129
153,Pom-Pom,Frank Welker,Cinderella II: Dreams Come True,13.151
154,Derek Blunt,Peter Renaday,Darkwing Duck,2.762
155,Dr. Reginald Bushroot,Tino Insana,Darkwing Duck,1.491
156,Quackerjack,Michael Bell,Darkwing Duck,5.728
157,Morgana McCawber,Kath Soucie,Darkwing Duck,6.516
158,Drake Mallard (Darkwing Duck),Jim Cummings,Darkwing Duck,7.113
159,Binkie Muddlefoot,Susan Tolsky,Darkwing Duck,0.6
160,Tuskernini,Kenneth Mars,Darkwing Duck,3.587
161,Tank Muddlefoot,Dana Hill,Darkwing Duck,5.443
162,J. Gander Hooter,Danny Mann,Darkwing Duck,5.139
163,Vladimir Goudenov Grizzlikof,Ron Feinberg,Darkwing Duck,0.6
164,Steelbeak,Rob Paulsen,Darkwing Duck,5.487
165,Megavolt,Dan Castellaneta,Darkwing Duck,9.405
166,Rhoda Dendron,Jennifer Darling,Darkwing Duck,2.155
167,Liquidator !The Liquidator,Jack Angel,Darkwing Duck,7.744
168,NegaDuck,Jim Cummings,Darkwing Duck,7.113
169,Taurus Bulba,Tim Curry,Darkwing Duck,7.43
170,Honker Muddlefoot,Katie Leigh,Darkwing Duck,2.971
171,Herb Muddlefoot,Jim Cummings,Darkwing Duck,7.113
172,Gosalyn Mallard,Christine Cavanaugh,Darkwing Duck,2.77
173,Kron,Samuel E. Wright,Dinosaur,2.383
174,Zini,Max Casella,Dinosaur,7.888
175,Bruton,Peter Siragusa,Dinosaur,2.302
176,Suri,Hayden Panettiere,Dinosaur,10.964
177,Eema,Della Reese,Dinosaur,1.173
178,Plio,Alfre Woodard,Dinosaur,5.439
179,Aladar,D. B. Sweeney,Dinosaur,8.247
180,Url,None,Dinosaur,0.6
181,Baylene,Joan Plowright,Dinosaur,4.298
182,Yar,Ossie Davis,Dinosaur,3.703
183,Neera,Julianna Margulies,Dinosaur,13.294
184,Iridessa,Raven-Symoné,Disney Fairies,3.614
185,Rosetta,Kristin Chenoweth,Disney Fairies,9.06
186,Queen Clarion,Anjelica Huston,Disney Fairies,11.112
187,Silvermist,Lucy Liu,Disney Fairies,14.945
188,Fairy Mary,Jane Horrocks,Disney Fairies,4.616
189,Fawn,America Ferrera,Disney Fairies,4.777
190,Clank,Jeff Bennett,Disney Fairies,10.222
191,Vidia,Pamela Adlon,Disney Fairies,11.578
192,Bobble,Rob Paulsen,Disney Fairies,5.487
193,Terence,Jesse McCartney,Disney Fairies,6.462
194,Ajax the Gorilla,None,Donald Duck and the Gorilla,0.6
195,Gus Goose,Clarence Nash,Donald's Cousin Gus,5.547
196,Huey,Clarence Nash; Russi Taylor,Donald's Nephews,4.965999999999999
197,Dewey,Clarence Nash; Russi Taylor,Donald's Nephews,4.965999999999999
198,Louie,Clarence Nash; Russi Taylor,Donald's Nephews,4.965999999999999
199,Flintheart Glomgold,Hal Smith,DuckTales,6.457
200,Babyface Beagle,Terry McGovern,DuckTales,0.694
201,Backwoods Beagle,Danny Mann,DuckTales,5.139
202,Bacon Beagle,None,DuckTales,0.6
203,Duckworth,Chuck McCann,DuckTales,2.543
204,Baggy Beagle,Frank Welker,DuckTales,13.151
205,Scrooge McDuck,Alan Young,DuckTales,7.015
206,Burger Beagle,Chuck McCann,DuckTales,2.543
207,Bankjob Beagle,Peter Cullen,DuckTales,6.092
208,El Capitan,Jim Cummings,DuckTales,7.113
209,Gyro Gearloose,Hal Smith,DuckTales,6.457
210,The Phantom Blot,Frank Welker; John O'Hurley,DuckTales,8.0845
211,Poe De Spell,Terry McGovern; Frank Welker,DuckTales,6.922499999999999
212,Bentina Beakley,Joan Gerber,DuckTales,1.163
213,Gladstone Gander,Rob Paulsen,DuckTales,5.487
214,Launchpad McQuack,Terry McGovern,DuckTales,0.694
215,Fenton Crackshell (Gizmoduck),Hamilton Camp,DuckTales,1.925
216,Binky Beagle,None,DuckTales,0.6
217,Glittering Goldie,Joan Gerber,DuckTales,1.163
218,Bouncer Beagle,Chuck McCann,DuckTales,2.543
219,Bomber Beagle,Robert Ridgely,DuckTales,2.972
220,Bugle Beagle,Brian Cummings,DuckTales,1.436
221,Bigtime Beagle,Frank Welker,DuckTales,13.151
222,Mrs. Featherby,June Foray,DuckTales,3.5
223,Megabyte Beagle,Frank Welker,DuckTales,13.151
224,Dijon the Thief,Richard Libertini,DuckTales,2.999
225,Webby Vanderquack,Russi Taylor,DuckTales,4.385
226,Magica De Spell,June Foray,DuckTales,3.5
227,Ma Beagle,June Foray,DuckTales,3.5
228,Doofus Drake,Brian Cummings,DuckTales,1.436
229,Merlock the Magician,Christopher Lloyd,DuckTales,21.031
230,Timothy Q. Mouse,Edward Brophy,Dumbo,2.058
231,Prissy the Elephant,Sarah Selby,Dumbo,1.764
232,Giddy the Elephant,Dorothy Scott,Dumbo,0.6
233,Mr. Stork,Sterling Holloway,Dumbo,6.789
234,Mrs. Jumbo,Verna Felton,Dumbo,3.039
235,The Ringmaster,Herman Bing,Dumbo,1.4
236,Dumbo,None,Dumbo,0.6
237,Jim Crow,Cliff Edwards,Dumbo,3.343
238,Circus Animals,None,Dumbo,0.6
239,Catty the Elephant,Noreen Gammill,Dumbo,0.6
240,Casey Junior,Margaret Wright,Dumbo,0.716
241,Queen Narissa,Susan Sarandon,Enchanted,13.194
242,Nancy Tremaine,Idina Menzel,Enchanted,10.068
243,Nathaniel,Timothy Spall,Enchanted,10.623
244,Prince Edward,James Marsden,Enchanted,16.707
245,Pip,Jeff Bennett; Kevin Lima,Enchanted,5.7325
246,Giselle,Amy Adams,Enchanted,28.542
247,Melinda,None,Fantasia,0.6
248,Madame Upanova,Tress MacNeille,Fantasia,9.398
249,Yen Sid,Corey Burton,Fantasia,4.803
250,Chernabog,Corey Burton,Fantasia,4.803
251,Ben Ali Gator,Jim Cummings,Fantasia,7.113
252,Hyacinth Hippo,Tress MacNeille,Fantasia,9.398
253,Jack-in-the-Box,John Lithgow,Fantasia 2000,6.573
254,Yo-Yo,None,Fantasia 2000,0.6
255,Ballerina,None,Fantasia 2000,0.6
256,Spring Sprite,Helena Bonham Carter,Fantasia 2000,27.936
257,Duke,None,Fantasia 2000,0.6
258,Rachel,None,Fantasia 2000,0.6
259,Firebird !The Firebird,Hugo Weaving,Fantasia 2000,15.272
260,Jobless Joe,None,Fantasia 2000,0.6
261,Prince Hans,Santino Fontana,Frozen,5.231
262,Sven,None,Frozen,0.6
263,Elsa,Idina Menzel,Frozen,10.068
264,Kristoff,Jonathan Groff,Frozen,7.823
265,Anna,Kristen Bell,Frozen,14.016
266,Olaf,Josh Gad,Frozen,9.825
267,Oaken,Chris Williams,Frozen,3.515
268,Duke of Weselton,Alan Tudyk,Frozen,8.131
269,Willie the Giant,Billy Gilbert,Fun and Fancy Free,4.726
270,Waffles,Frank Welker,Goof Troop,13.151
271,Pistol Pete,Nancy Cartwright,Goof Troop,5.397
272,Chainsaw,Frank Welker,Goof Troop,13.151
273,Max Goof,Dana Hill; Jason Marsden,Goof Troop,6.2059999999999995
274,Peg Pete,April Winchell,Goof Troop,5.382
275,Pete Junior,Rob Paulsen,Goof Troop,5.487
276,J. Audubon Woodlore,Bill Thompson,Grin and Bear It,2.009
277,Alcmene,Barbara Barrie,Hercules,1.96
278,Zeus,Rip Torn,Hercules,8.108
279,Thalia,Roz Ryan,Hercules,1.932
280,Terpsichore,LaChanze,Hercules,2.479
281,Pain and Panic,Bobcat Goldthwait; Matt Frewer,Hercules,8.2745
282,Demetrius,Wayne Knight,Hercules,12.355
283,Atropos,Paddi Edwards,Hercules,1.725
284,Lachesis,Carole Shelley,Hercules,0.972
285,Pegasus,Frank Welker,Hercules,13.151
286,Clotho,Amanda Plummer,Hercules,8.385
287,Clio,Vanéese Y. Thomas,Hercules,0.6
288,Nessus,Jim Cummings,Hercules,7.113
289,Hades,James Woods,Hercules,10.03
290,Apollo,Keith David,Hercules,9.987
291,Megara,Susan Egan,Hercules,3.529
292,Amphitryon,Hal Holbrook,Hercules,5.285
293,Hermes,Paul Shaffer,Hercules,3.004
294,Hercules,Tate Donovan; Joshua Keaton,Hercules,7.766
295,Hera,Samantha Eggar,Hercules,4.365
296,Melpomene,Cheryl Freeman,Hercules,0.84
297,Philoctetes,Danny DeVito,Hercules,16.316
298,Calliope,Lillias White,Hercules,1.176
299,Fran,Edie McClurg,Higglytown Heroes,10.005
300,Humphrey the Bear,Jimmy MacDonald; Jim Cummings,Hold That Pose,3.8565
301,Buck,Cuba Gooding Jr.,Home on the Range,8.043
302,Larry the Duck,Marshall Efron,Home on the Range,4.761
303,Mrs. Calloway,Judi Dench,Home on the Range,7.248
304,Ollie the Pig,Charlie Dell,Home on the Range,3.979
305,Maggie,Roseanne Barr,Home on the Range,3.553
306,Audrey the Chicken,Estelle Harris,Home on the Range,16.008
307,Pearl Gesner,Carole Cook,Home on the Range,3.028
308,Rico,Charles Dennis,Home on the Range,1.298
309,Grace,Jennifer Tilly,Home on the Range,9.444
310,Rusty the Dog,G.W. Bailey,Home on the Range,6.887
311,Sam the Sheriff,Richard Riehle,Home on the Range,3.776
312,Wesley,Steve Buscemi,Home on the Range,30.398
313,Jeb the Goat,Joe Flaherty,Home on the Range,7.498
314,Lucky Jack,Charles Haid,Home on the Range,5.464
315,Alameda Slim,Randy Quaid,Home on the Range,15.303
316,Junior the Buffalo,Lance LeGault,Home on the Range,4.888
317,May,None,House of Mouse,0.6
318,April,None,House of Mouse,0.6
319,Mike the Microphone,Rod Roddy,House of Mouse,1.681
320,June,None,House of Mouse,0.6
321,Figment,Dave Goelz,Journey into Imagination with Figment,3.15
322,Cecil the Vulture,Michael McKean,Jungle Cubs,10.356
323,Arthur,David Lander,Jungle Cubs,0.6
324,Ned the Baboon,Charlie Adler,Jungle Cubs,2.72
325,Mahra the Baboon,Tress MacNeille,Jungle Cubs,9.398
326,Si & Am,Peggy Lee,Lady and the Tramp,0.694
327,Peg,Peggy Lee,Lady and the Tramp,0.694
328,Tramp,Larry Roberts,Lady and the Tramp,1.349
329,Lady,Barbara Luddy,Lady and the Tramp,1.445
330,Jock,Bill Thompson,Lady and the Tramp,2.009
331,Darling,Peggy Lee,Lady and the Tramp,0.694
332,Trusty,Bill Baucom,Lady and the Tramp,1.4
333,Al the Alligator,Thurl Ravenscroft,Lady and the Tramp,1.945
334,Beaver,Stan Freberg,Lady and the Tramp,2.583
335,Aunt Sarah,Verna Felton,Lady and the Tramp,3.039
336,Jim Dear,Lee Millar,Lady and the Tramp,0.728
337,Colette,Kath Soucie,Lady and the Tramp II: Scamp's Adventure,6.516
338,Annette,Debi Derryberry,Lady and the Tramp II: Scamp's Adventure,10.136
339,Francois,Bronson Pinchot,Lady and the Tramp II: Scamp's Adventure,10.209
340,Sparky,Mickey Rooney,Lady and the Tramp II: Scamp's Adventure,6.645
341,Ruby,Cathy Moriarty,Lady and the Tramp II: Scamp's Adventure,8.699
342,Danielle,Kath Soucie,Lady and the Tramp II: Scamp's Adventure,6.516
343,Scratchy,None,Lady and the Tramp II: Scamp's Adventure,0.6
344,Angel,Alyssa Milano,Lady and the Tramp II: Scamp's Adventure,22.573
345,Scamp,Scott Wolf,Lady and the Tramp II: Scamp's Adventure,11.606
346,Buster,Chazz Palminteri,Lady and the Tramp II: Scamp's Adventure,5.56
347,Mooch,Bill Fagerbakke,Lady and the Tramp II: Scamp's Adventure,7.269
348,The Dog Catcher,Jeff Bennett,Lady and the Tramp II: Scamp's Adventure,10.222
349,Nani Pelekai,Tia Carrere,Lilo & Stitch,17.141
350,Myrtle Edmonds,Miranda Paige Walls; Liliana Mumy,Lilo & Stitch,4.306
351,Dr. Jumba Jookiba,David Ogden Stiers,Lilo & Stitch,5.256
352,Captain Gantu,Kevin Michael Richardson,Lilo & Stitch,8.038
353,Mrs. Hasagawa,Amy Hill,Lilo & Stitch,8.142
354,Agent Wendy Pleakley,Kevin McDonald,Lilo & Stitch,7.141
355,David Kawena,Jason Scott Lee,Lilo & Stitch,9.369
356,Lilo Pelekai,Daveigh Chase,Lilo & Stitch,12.383
357,Grand Councilwoman,Zoe Caldwell,Lilo & Stitch,1.999
358,Stitch,Chris Sanders,Lilo & Stitch,6.503
359,Cobra Bubbles,Ving Rhames,Lilo & Stitch,12.179
360,Alice Bluebonnet,None,Make Mine Music,0.6
361,Carl the Robot,Harland Williams,Meet the Robinsons,6.945
362,Mr. Willerstein,Tom Kenny,Meet the Robinsons,10.721
363,Bowler Hat Guy,Stephen J. Anderson,Meet the Robinsons,3.924
364,Franny Robinson,Nicole Sullivan,Meet the Robinsons,7.803
365,Frankie the Frog,Aurian Redson,Meet the Robinsons,0.828
366,Lizzy,Tracey Miller-Zarneke,Meet the Robinsons,0.6
367,Uncle Art,Adam West,Meet the Robinsons,4.355
368,Doris,Ethan Sandler,Meet the Robinsons,1.932
369,Tiny,Joe Mateo,Meet the Robinsons,0.6
370,Lewis,Jordan Fry,Meet the Robinsons,8.53
371,Lefty,Nathan Greno,Meet the Robinsons,1.96
372,Wilbur Robinson,Wesley Singerman,Meet the Robinsons,1.96
373,Mildred,Angela Bassett,Meet the Robinsons,14.493
374,Lucille Krunklehorn,Laurie Metcalf,Meet the Robinsons,10.887
375,Goob,Matthew Josten,Meet the Robinsons,1.261
376,Cornelius Robinson,Tom Selleck,Meet the Robinsons,12.863
377,Little Toot,None,Melody Time,0.6
378,Johnny Appleseed,Dennis Day,Melody Time,1.82
379,Mr. Pettibone,Jeff Pidgeon,Mickey Mouse Clubhouse,2.668
380,Bella,Frank Welker,Mickey Mouse Clubhouse,13.151
381,Baby Red Bird,Tress MacNeille,Mickey Mouse Clubhouse,9.398
382,Goofy,Pinto Colvig; Bill Farmer,Mickey's Revue,4.332
383,Mortimer Mouse,Maurice LaMarche,Mickey's Rival,3.858
384,Morty Fieldmouse,None,Mickey's Steam Roller,0.6
385,Ferdie Fieldmouse,None,Mickey's Steam Roller,0.6
386,Daisy Duck,Clarence Nash; Gloria Blondell,Mr. Duck Steps Out,3.3274999999999997
387,Emperor of China,Pat Morita,Mulan,8.786
388,Cri-Kee,None,Mulan,0.6
389,Mushu,Eddie Murphy,Mulan,11.508
390,Fa Zhou,Soon-Tek Oh,Mulan,4.384
391,Chi-Fu,James Hong,Mulan,13.268
392,Mulan,Ming-Na Wen; Lea Salonga,Mulan,11.581999999999999
393,Fa Li,Freda Foh Shen,Mulan,3.149
394,Yao,Harvey Fierstein,Mulan,4.874
395,Ling,Gedde Watanabe,Mulan,4.136
396,Li Shang,B.D. Wong,Mulan,13.163
397,First Ancestor Fa,George Takei,Mulan,5.411
398,General Li,James Shigeta,Mulan,5.248
399,Grandmother Fa,June Foray,Mulan,3.5
400,The Matchmaker,Miriam Margoyles,Mulan,
401,Chien-Po,Jerry Tondo,Mulan,1.214
402,Shan Yu,Miguel Ferrer,Mulan,3.73
403,Sha-ron,Mary Gibbs,Mulan 2,0.828
404,Darby,Chloë Grace Moretz,My Friends Tigger & Pooh,41.388
405,Lucky,Mimi Gibson,One Hundred and One Dalmatians,4.486
406,Patch,Mickey Maga,One Hundred and One Dalmatians,0.996
407,Nanny,Martha Wentworth,One Hundred and One Dalmatians,4.371
408,Penny,Sandra Abbott,One Hundred and One Dalmatians,1.214
409,The Captain,Thurl Ravenscroft,One Hundred and One Dalmatians,1.945
410,Rolly,Barbara Beaird,One Hundred and One Dalmatians,4.704
411,Princess,Queenie Leonard,One Hundred and One Dalmatians,2.013
412,Duchess,Marjorie Bennett,One Hundred and One Dalmatians,2.897
413,Clara Cluck,Florence Gill,Orphan's Benefit,0.832
414,Pepper Ann Pearson,Kathleen Wilhoite,Pepper Ann,9.576
415,Elliott,Charlie Callas,Pete's Dragon,2.428
416,Mr. Smee,Bill Thompson,Peter Pan,2.009
417,Michael Darling,Tommy Luske,Peter Pan,0.694
418,Tiger Lily,Cree Summer,Peter Pan,6.787
419,Nibs,Jeffrey Silver,Peter Pan,1.159
420,John Darling,Paul Collins,Peter Pan,2.382
421,Nana,None,Peter Pan,0.6
422,Wendy Darling,Kathryn Beaumont,Peter Pan,2.533
423,Tinker Bell,Mae Whitman,Peter Pan,31.087
424,George Darling,Hans Conried,Peter Pan,1.756
425,Cubby,Robert Ellis,Peter Pan,3.003
426,The Crocodile (Tick Tock),None,Peter Pan,0.6
427,Tootles,None,Peter Pan,0.6
428,Captain Hook,Hans Conried,Peter Pan,1.756
429,Slightly,Stuffy Singer,Peter Pan,0.6
430,Mary Darling,Heather Angel,Peter Pan,2.044
431,The Indian Chief,Candy Candido,Peter Pan,1.176
432,Peter Pan,Bobby Driscoll,Peter Pan,2.443
433,Clarabelle Cow,Marcellite Garner,Plane Crazy,2.017
434,Minnie Mouse,Walt Disney; Marcellite Garner,Plane Crazy,4.9615
435,Lumpy the Heffalump,Kyle Stanger,Pooh's Heffalump Movie,2.14
436,Chip,James MacDonald,Private Pluto,1.788
437,Dale,Dessie Flynn; Corey Burton,Private Pluto,3.3815
438,Edward,Roger Rees,Return to Never Land,4.081
439,The Octopus,Frank Welker,Return to Never Land,13.151
440,Danny,Andrew McDonough,Return to Never Land,0.6
441,Jane,Harriet Owen,Return to Never Land,1.4
442,Robin Hood,Brian Bedford,Robin Hood,2.724
443,Friar Tuck,Andy Devine,Robin Hood,3.825
444,Nutsy the Vulture,Ken Curtis,Robin Hood,6.09
445,Sir Hiss,Terry-Thomas,Robin Hood,2.533
446,Maid Marian,Monica Evans,Robin Hood,2.653
447,King Richard,Peter Ustinov,Robin Hood,7.967
448,Skippy Bunny,Billy Whittaker,Robin Hood,
449,Tagalong Bunny,Dori Whittaker,Robin Hood,
450,Sis Bunny,Dana Laurita,Robin Hood,0.6
451,Otto,J. Pat O'Malley,Robin Hood,4.057
452,Mother Rabbit,Barbara Luddy,Robin Hood,1.445
453,Prince John,Peter Ustinov,Robin Hood,7.967
454,Little John,Phil Harris,Robin Hood,2.56
455,Toby Turtle,Richie Sanders,Robin Hood,1.094
456,Lady Kluck,Carole Shelley,Robin Hood,0.972
457,Sheriff of Nottingham,Pat Buttram,Robin Hood,4.754
458,Trigger the Vulture,George Lindsey,Robin Hood,3.587
459,Alan-a-Dale,Roger Miller,Robin Hood,0.84
460,José Carioca,José Oliveira; Rob Paulsen,Saludos Amigos,3.0435
461,Gliss,Grey Delisle,Secret of the Wings,18.004
462,Periwinkle,Lucy Hale,Secret of the Wings,25.902
463,Bent-Tail Junior,Unknown,Sheep Dog,1.62
464,Elmer Elephant,None,Silly Symphonies,0.6
465,Joe Giraffe,Pinto Colvig,Silly Symphonies,2.695
466,Joey Hippo,None,Silly Symphonies,0.6
467,Bucky Bug,None,Silly Symphonies,0.6
468,Ferdinand the Bull,Milt Kahl,Silly Symphonies,3.382
469,Jenny Wren,Martha Wentworth,Silly Symphonies,4.371
470,Tillie Tiger,Alyce Ardell,Silly Symphonies,0.6
471,Queen Grimhilde,Lucille La Verne,Snow White and the Seven Dwarfs,1.214
472,The Magic Mirror,Moroni Olsen,Snow White and the Seven Dwarfs,1.62
473,Sleepy,Pinto Colvig,Snow White and the Seven Dwarfs,2.695
474,Prince,Harry Stockwell,Snow White and the Seven Dwarfs,1.22
475,Bashful,Scotty Mattraw,Snow White and the Seven Dwarfs,0.648
476,Sneezy,Billy Gilbert,Snow White and the Seven Dwarfs,4.726
477,Snow White,Adriana Caselotti,Snow White and the Seven Dwarfs,2.487
478,Doc,Roy Atwell,Snow White and the Seven Dwarfs,1.96
479,Grumpy,Pinto Colvig,Snow White and the Seven Dwarfs,2.695
480,Happy,Otis Harlan,Snow White and the Seven Dwarfs,2.432
481,Dopey,Eddie Collins,Snow White and the Seven Dwarfs,1.7
482,Humbert the Huntsman,Stuart Buchanan,Snow White and the Seven Dwarfs,0.6
483,Wormwood the Raven,Jim Cummings,Sofia the First,7.113
484,Cedric the Sorcerer,Jess Harnell,Sofia the First,4.877
485,Princess Amber,Darcy Rose Byrnes,Sofia the First,7.319
486,Clover,Wayne Brady,Sofia the First,10.886
487,Prince James,Zach Callison,Sofia the First,5.385
488,King Roland II,Travis Willingham,Sofia the First,2.203
489,Baileywick,Tim Gunn,Sofia the First,3.706
490,Miss Nettle,Megan Mullally,Sofia the First,8.304
491,Queen Miranda,Sara Ramirez,Sofia the First,9.481
492,Princess Sofia,Ariel Winter,Sofia the First,18.443
493,Br'er Rabbit,Johnny Lee,Song of the South,0.696
494,Br'er Fox,James Baskett,Song of the South,2.087
495,Br'er Bear,Nick Stewart,Song of the South,1.342
496,Mickey Mouse,Walt Disney,Steamboat Willie,7.906
497,Dr. Jacques von Hamsterviel,Jeff Bennett,Stitch! The Movie,10.222
498,Kit Cloudkicker,R. J. Williams; Alan Roberts,TaleSpin,1.19
499,Don Karnage,Jim Cummings,TaleSpin,7.113
500,Rapunzel,Mandy Moore,Tangled,10.289
501,Flynn Rider,Zachary Levi,Tangled,17.126
502,Stabbington Brothers,Ron Perlman,Tangled,12.799
503,Pascal,Frank Welker,Tangled,13.151
504,Mother Gothel,Donna Murphy,Tangled,4.936
505,Hook Hand,Brad Garrett,Tangled,8.553
506,Maximus,None,Tangled,0.6
507,Queen,Kari Wahlgren,Tangled Ever After,5.183
508,Terk,Rosie O'Donnell,Tarzan,3.475
509,Tarzan,Alex D. Linz,Tarzan,7.453
510,Tarzan,Tony Goldwyn,Tarzan,3.502
511,Tantor,Wayne Knight,Tarzan,12.355
512,Kala,Glenn Close,Tarzan,4.076
513,Jane Porter,Minnie Driver,Tarzan,7.152
514,Clayton,Brian Blessed,Tarzan,4.099
515,Mungo,Jason Marsden,Tarzan,6.969
516,Archimedes Q. Porter,Nigel Hawthorne,Tarzan,3.95
517,Kerchak,Lance Henriksen,Tarzan,17.483
518,Ratty,Claud Allister,The Adventures of Ichabod and Mr. Toad,1.971
519,Angus MacBadger,Campbell Grant,The Adventures of Ichabod and Mr. Toad,0.766
520,Winkie the Barman,Oliver Wallace,The Adventures of Ichabod and Mr. Toad,1.98
521,Headless Horseman,None,The Adventures of Ichabod and Mr. Toad,0.6
522,Moley,Colin Campbell,The Adventures of Ichabod and Mr. Toad,2.099
523,Katrina Van Tassel,None,The Adventures of Ichabod and Mr. Toad,0.6
524,Cyril Proudbottom,J. Pat O'Malley,The Adventures of Ichabod and Mr. Toad,4.057
525,Ichabod Crane,Pinto Colvig,The Adventures of Ichabod and Mr. Toad,2.695
526,J. Thaddeus Toad,Eric Blore,The Adventures of Ichabod and Mr. Toad,0.765
527,Peppo the Italian Cat,Vito Scotti,The Aristocats,2.53
528,Scat Cat,Scatman Crothers,The Aristocats,9.04
529,Shun Gon the Chinese Cat,Paul Winchell,The Aristocats,2.873
530,Roquefort the Mouse,Sterling Holloway,The Aristocats,6.789
531,Thomas O'Malley,Phil Harris,The Aristocats,2.56
532,Uncle Waldo,Bill Thompson,The Aristocats,2.009
533,Toulouse,Gary Dubin,The Aristocats,1.099
534,Napoleon the Bloodhound,Pat Buttram,The Aristocats,4.754
535,Abigail Gabble,Monica Evans,The Aristocats,2.653
536,Marie,Liz English,The Aristocats,1.943
537,Hit Cat the English Cat,Lord Tim Hudson,The Aristocats,1.176
538,Madame Adelaide Bonfamille,Hermione Baddeley,The Aristocats,3.308
539,Amelia Gabble,Carole Shelley,The Aristocats,0.972
540,Georges Hautecourt,Charles Lane,The Aristocats,1.457
541,Frou-Frou,Nancy Kulp,The Aristocats,3.884
542,Edgar Balthazar the Butler,Roddy Maude-Roxby,The Aristocats,0.697
543,Duchess,Eva Gabor,The Aristocats,1.76
544,Billy Boss,Thurl Ravenscroft,The Aristocats,1.945
545,Lafayette the Basset Hound,George Lindsey,The Aristocats,3.587
546,Berlioz,Dean Clark,The Aristocats,1.614
547,Orwen,Adele Malis-Morey,The Black Cauldron,0.6
548,Taran,Grant Bardsley,The Black Cauldron,0.6
549,Hen Wen,None,The Black Cauldron,0.6
550,Creeper,Phil Fondacaro,The Black Cauldron,5.293
551,Orgoch,Billie Hayes,The Black Cauldron,0.6
552,Princess Eilonwy,Susan Sheridan,The Black Cauldron,1.294
553,King Eiddileg,Arthur Malet,The Black Cauldron,5.93
554,Doli,John Byner,The Black Cauldron,2.929
555,Fflewddur Fflam,Nigel Hawthorne,The Black Cauldron,3.95
556,The Horned King,John Hurt,The Black Cauldron,22.684
557,Gurgi,John Byner,The Black Cauldron,2.929
558,Dallben,Freddie Jones,The Black Cauldron,3.892
559,Orddu,Eda Reiss Merin,The Black Cauldron,1.906
560,Pluto,Pinto Colvig; Bill Farmer,The Chain Gang,4.332
561,Beary Barrington,Haley Joel Osment,The Country Bears,15.434
562,Dex Barrington,Justin Berfield,The Country Bears,10.351
563,Big Al,James Gammon,The Country Bears,8.613
564,Ted Betterhead,Diedrich Bader,The Country Bears,9.885
565,Kronk Pepikrankenitz,Patrick Warburton,The Emperor's New Groove,10.123
566,Kuzco,David Spade,The Emperor's New Groove,24.165
567,Chicha,Wendie Malick,The Emperor's New Groove,15.659
568,Chaca,Kellyann Kelso,The Emperor's New Groove,4.617
569,Pacha,John Goodman,The Emperor's New Groove,18.683
570,Bucky the Squirrel,Bob Bergen,The Emperor's New Groove,5.05
571,Yzma,Eartha Kitt,The Emperor's New Groove,5.07
572,Tipo,Eli Russell Linnetz,The Emperor's New Groove,2.391
573,Malina,Jessica Di Cicco,The Emperor's New School,
574,Boomer,Paul Winchell,The Fox and the Hound,2.873
575,Amos Slade,Jack Albertson,The Fox and the Hound,4.94
576,Widow Tweed,Jeanette Nolan,The Fox and the Hound,6.049
577,Vixey,Sandy Duncan,The Fox and the Hound,2.864
578,Tod,Keith Coogan; Mickey Rooney,The Fox and the Hound,4.6285
579,Chief,Pat Buttram,The Fox and the Hound,4.754
580,Dinky,Richard Bakalyan,The Fox and the Hound,1.052
581,Squeaks the Caterpillar,None,The Fox and the Hound,0.6
582,Big Mama,Pearl Bailey,The Fox and the Hound,6.905
583,Copper,Corey Feldman; Kurt Russell,The Fox and the Hound,14.1075
584,Granny Rose,Vicki Lawrence,The Fox and the Hound 2,4.584
585,Dixie,Reba McEntire,The Fox and the Hound 2,3.796
586,Cash,Patrick Swayze,The Fox and the Hound 2,11.431
587,Lyle,Jeff Foxworthy,The Fox and the Hound 2,1.619
588,Mrs. Judson,Diana Chesney,The Great Mouse Detective,1.214
589,Fidget,Candy Candido,The Great Mouse Detective,1.176
590,Miss Kitty,Melissa Manchester,The Great Mouse Detective,1.009
591,Toby the Dog,Frank Welker,The Great Mouse Detective,13.151
592,Dr. David Q. Dawson,Val Bettin,The Great Mouse Detective,1.696
593,Bartholomew,Barrie Ingham,The Great Mouse Detective,1.256
594,Queen Mousetoria,Eve Brenner,The Great Mouse Detective,1.62
595,Olivia Flaversham,Susanne Pollatschek,The Great Mouse Detective,2.192
596,Basil of Baker Street,Barrie Ingham,The Great Mouse Detective,1.256
597,Professor Ratigan,Vincent Price,The Great Mouse Detective,4.761
598,Hiram Flaversham,Alan Young; Alan Young,The Great Mouse Detective,7.015
599,Lady Mouse,Shani Wallis,The Great Mouse Detective,1.512
600,Felicia the Cat,Frank Welker,The Great Mouse Detective,13.151
601,Quasimodo,Tom Hulce,The Hunchback of Notre Dame,7.815
602,Achilles,None,The Hunchback of Notre Dame,0.6
603,The Archdeacon,David Ogden Stiers,The Hunchback of Notre Dame,5.256
604,Hugo,Jason Alexander,The Hunchback of Notre Dame,13.249
605,Esmeralda,Demi Moore,The Hunchback of Notre Dame,10.201
606,Judge Claude Frollo,Tony Jay,The Hunchback of Notre Dame,5.215
607,Djali,None,The Hunchback of Notre Dame,0.6
608,Captain Phoebus,Kevin Kline,The Hunchback of Notre Dame,8.644
609,Clopin Trouillefou,Paul Kandel,The Hunchback of Notre Dame,1.116
610,Victor,Charles Kimbrough,The Hunchback of Notre Dame,3.138
611,Laverne,Mary Wickes,The Hunchback of Notre Dame,3.612
612,Sarousch,Michael McKean,The Hunchback of Notre Dame II,10.356
613,Zephyr,Haley Joel Osment,The Hunchback of Notre Dame II,15.434
614,Madellaine,Jennifer Love Hewitt,The Hunchback of Notre Dame II,5.332
615,Lady DeBurne,April Winchell,The Hunchback of Notre Dame II,5.382
616,Bent-Tail the Coyote,Unknown,The Legend of Coyote Rock,1.62
617,Timon's Mother,Julie Kavner,The Lion King 1½,11.799
618,Uncle Max,Jerry Stiller,The Lion King 1½,7.231
619,Vitani,Lacey Chabert; Jennifer Lien,The Lion King II: Simba's Pride,8.236
620,Zira,Suzanne Pleshette,The Lion King II: Simba's Pride,8.037
621,Nuka,Andy Dick,The Lion King II: Simba's Pride,3.58
622,Kovu,Ryan O'Donohue; Jason Marsden,The Lion King II: Simba's Pride,5.069
623,Kiara,Michelle Horn; Neve Campbell,The Lion King II: Simba's Pride,11.081
624,Chef Louis,Rene Auberjonois,The Little Mermaid,2.814
625,Flotsam and Jetsam,Paddi Edwards,The Little Mermaid,1.725
626,Flounder,Jason Marin,The Little Mermaid,3.161
627,Carlotta the Maid,Edie McClurg,The Little Mermaid,10.005
628,King Triton,Kenneth Mars,The Little Mermaid,3.587
629,Sebastian,Samuel E. Wright,The Little Mermaid,2.383
630,Scuttle,Buddy Hackett,The Little Mermaid,5.101
631,Ursula,Pat Carroll,The Little Mermaid,4.526
632,Vanessa (The Little Mermaid),Pat Carroll; Jodi Benson,The Little Mermaid,4.874499999999999
633,Attina,Kari Wahlgren,The Little Mermaid,5.183
634,Max the Sheepdog,Frank Welker,The Little Mermaid,13.151
635,Ariel,Jodi Benson,The Little Mermaid,5.223
636,Harold the Seahorse,Will Ryan,The Little Mermaid,1.893
637,Adella,Sherry Lynn,The Little Mermaid,5.229
638,Alana,Kimmy Robertson,The Little Mermaid,5.853
639,Aquata,Grey DeLisle; Mona Marshall,The Little Mermaid,11.031
640,Prince Eric,Christopher Daniel Barnes,The Little Mermaid,2.041
641,Andrina,Tara Strong,The Little Mermaid,14.092
642,Grimsby,Ben Wright,The Little Mermaid,2.559
643,Arista,Kimmy Robertson,The Little Mermaid,5.853
644,Dash,Stephen Furst,The Little Mermaid II: Return to the Sea,1.973
645,Tip,Max Casella,The Little Mermaid II: Return to the Sea,7.888
646,Melody,Tara Strong,The Little Mermaid II: Return to the Sea,14.092
647,Morgana,Pat Carroll,The Little Mermaid II: Return to the Sea,4.526
648,Cloak and Dagger,None,The Little Mermaid II: Return to the Sea,0.6
649,Queen Athena,Lorelei Hill Butters,The Little Mermaid: Ariel's Beginning,1.96
650,Zarina,Christina Hendricks,The Pirate Fairy,14.064
651,Horace Horsecollar,Walt Disney; Bill Farmer,The Plow Boy,6.9375
652,Lil Bad Wolf,Andrew Lawrence,The Porker's Court,9.701
653,Dr. Facilier,Keith David,The Princess and the Frog,9.987
654,Cousin Randy,Randy Newman,The Princess and the Frog,0.992
655,Harvey Fenner,Corey Burton,The Princess and the Frog,4.803
656,Charlotte La Bouff,Jennifer Cody,The Princess and the Frog,2.989
657,Buford the Cook,Michael Colyar,The Princess and the Frog,0.608
658,Tiana,Anika Noni Rose,The Princess and the Frog,10.962
659,Louis the Alligator,Michael-Leon Wooley,The Princess and the Frog,1.894
660,Eudora,Oprah Winfrey,The Princess and the Frog,7.288
661,Mama Odie,Jenifer Lewis,The Princess and the Frog,4.704
662,Two Fingers,Paul Briggs,The Princess and the Frog,0.6
663,Marlon the Alligator,Emeril Lagasse,The Princess and the Frog,1.189
664,Henry Fenner,Jerry Kernion,The Princess and the Frog,3.081
665,Evangaline,None,The Princess and the Frog,0.6
666,Lawrence the Valet,Peter Bartlett,The Princess and the Frog,1.4
667,Ray the Firefly,Jim Cummings,The Princess and the Frog,7.113
668,Prince Naveen,Bruno Campos,The Princess and the Frog,1.96
669,Ian the Alligator,Kevin Michael Richardson,The Princess and the Frog,8.038
670,"Eli ""Big Daddy"" La Bouff",John Goodman,The Princess and the Frog,18.683
671,Sir Giles,Claud Allister,The Reluctant Dragon,1.971
672,Tobias the Reluctant Dragon,Barnett Parker,The Reluctant Dragon,0.84
673,Digger the Mole,Dub Taylor,The Rescuers,7.313
674,Penny,Michelle Stacy,The Rescuers,8.952
675,Miss Bianca,Eva Gabor,The Rescuers,1.76
676,Chair Mouse,Bernard Fox,The Rescuers,2.864
677,Gramps,Larry Clemmons,The Rescuers,1.025
678,Orville,Jim Jordan,The Rescuers,0.766
679,Evinrude,Jimmy MacDonald,The Rescuers,0.6
680,Brutus and Nero,Candy Candido,The Rescuers,1.176
681,Luke,Pat Buttram,The Rescuers,4.754
682,Rufus,John McIntire,The Rescuers,7.922
683,Bernard,Bob Newheart,The Rescuers,
684,Ellie Mae,Jeanette Nolan,The Rescuers,6.049
685,Mr. Snoops,Joe Flynn,The Rescuers,4.043
686,Madame Medusa,Geraldine Page,The Rescuers,1.744
687,Nurse Mouse,Russi Taylor,The Rescuers Down Under,4.385
688,Wilbur,John Candy,The Rescuers Down Under,11.59
689,Krebbs,Douglas Seale,The Rescuers Down Under,1.948
690,Cody,Adam Ryen,The Rescuers Down Under,2.115
691,Marahute,Frank Welker,The Rescuers Down Under,13.151
692,Doctor Mouse,Bernard Fox,The Rescuers Down Under,2.864
693,Percival C. McLeach,George C. Scott,The Rescuers Down Under,9.196
694,Jake,Tristan Rogers,The Rescuers Down Under,0.652
695,Francois,Ed Gilbert,The Rescuers Down Under,3.861
696,Faloo,Carla Meyer,The Rescuers Down Under,0.84
697,Red,Peter Firth,The Rescuers Down Under,10.086
698,Frank,Wayne Robson,The Rescuers Down Under,2.921
699,Abis Mal,Jason Alexander,The Return of Jafar,13.249
700,Dinah the Dachshund,None,The Sleepwalker,0.6
701,Arthur/Wart,Richard Reitherman,The Sword in the Stone,0.84
702,Black Bart,Thurl Ravenscroft,The Sword in the Stone,1.945
703,Arthur/Wart,Rickie Sorensen,The Sword in the Stone,2.575
704,Merlin,Karl Swenson,The Sword in the Stone,5.372
705,Arthur/Wart,Robert Reitherman,The Sword in the Stone,0.98
706,Madam Mim,Martha Wentworth,The Sword in the Stone,4.371
707,Sir Ector,Sebastian Cabot,The Sword in the Stone,5.51
708,Sir Kay,Norman Alden,The Sword in the Stone,2.947
709,Archimedes,Junius Matthews,The Sword in the Stone,3.735
710,Sir Pellinore,Alan Napier,The Sword in the Stone,11.177
711,Panchito Pistoles,Joaquin Garay; Carlos Alazraqui,The Three Caballeros,5.424
712,Aracuan Bird,Pinto Colvig,The Three Caballeros,2.695
713,Toby Tortoise,Eddie Holden,The Tortoise and the Hare,1.62
714,Max Hare,Ned Norton,The Tortoise and the Hare,2.716
715,Tino Tonitini,Jason Marsden,The Weekenders,6.969
716,Peter Pig,Pinto Colvig,The Wise Little Hen,2.695
717,Donald Duck,Clarence Nash; Tony Anselmo,The Wise Little Hen,9.2975
718,Grandma Duck,June Foray,"This is Your Life, Donald Duck",3.5
719,Big Bad Wolf,Billy Bletcher,Three Little Pigs,1.646
720,Practical Pig,Pinto Colvig,Three Little Pigs,2.695
721,Fifer Pig,Dorothy Compton,Three Little Pigs,1.566
722,Fiddler Pig,Mary Moder,Three Little Pigs,1.466
723,Quint,Corey Burton,Timon and Pumbaa,4.803
724,Natives,Jeff Bennett,Timon and Pumbaa,10.222
725,Vulture Police,Townsend Coleman; Brian Cummings,Timon and Pumbaa,1.418
726,Boss Beaver,Brad Garrett,Timon and Pumbaa,8.553
727,Fred,S. Scott Bullock,Timon and Pumbaa,0.84
728,Smolder the Bear,Jim Cummings,Timon and Pumbaa,7.113
729,Cheetata and Cheetato,Rob Paulsen; Jim Cummings,Timon and Pumbaa,6.300000000000001
730,Speedy the Snail,Corey Burton,Timon and Pumbaa,4.803
731,Lizzy Griffths,Lauren Mote,Tinker Bell and the Great Fairy Rescue,0.6
732,Blaze,None,Tinker Bell and the Lost Treasure,0.6
733,Captain Amelia,Emma Thompson,Treasure Planet,32.847
734,Jim Hawkins,Joseph Gordon-Levitt,Treasure Planet,10.415
735,Mr. Arrow,Roscoe Lee Browne,Treasure Planet,2.865
736,Scroop,Michael Wincott,Treasure Planet,8.532
737,Dr. Doppler,David Hyde Pierce,Treasure Planet,4.97
738,John Silver,Brian Murray,Treasure Planet,1.96
739,Sarah Hawkins,Laurie Metcalf,Treasure Planet,10.887
740,B.E.N.,Martin Short,Treasure Planet,7.396
741,Hands,Micheal McShane,Treasure Planet,4.201
742,Billy Bones,Patrick McGoohan,Treasure Planet,11.465
743,Morph,Dane A. Davis,Treasure Planet,1.1
744,Onus,Corey Burton,Treasure Planet,4.803
745,Oswald the Lucky Rabbit,Frank Welker,Trolley Troubles,13.151
746,Wheezy the Weasel,June Foray,Who Framed Roger Rabbit,3.5
747,Greasy the Weasel,Charles Fleischer,Who Framed Roger Rabbit,3.181
748,Jessica Rabbit,Kathleen Turner,Who Framed Roger Rabbit,11.012
749,Psycho the Weasel,Charles Fleischer,Who Framed Roger Rabbit,3.181
750,Benny the Cab,Charles Fleischer,Who Framed Roger Rabbit,3.181
751,Baby Herman,Lou Hirsch,Who Framed Roger Rabbit,2.588
752,Baby Herman,April Winchell,Who Framed Roger Rabbit,5.382
753,Roger Rabbit,Charles Fleischer,Who Framed Roger Rabbit,3.181
754,Smarty the Weasel,David Lander,Who Framed Roger Rabbit,0.6
755,Judge Doom,Christopher Lloyd,Who Framed Roger Rabbit,21.031
756,Stupid the Weasel,Fred Newman,Who Framed Roger Rabbit,1.96
757,Tigger,Paul Winchell,Winnie the Pooh and the Blustery Day,2.873
758,Piglet,John Fiedler,Winnie the Pooh and the Blustery Day,8.575
759,Winnie the Pooh,Sterling Holloway,Winnie the Pooh and the Honey Tree,6.789
760,Roo,Clint Howard,Winnie the Pooh and the Honey Tree,9.282
761,Roo,Dori Whittaker,Winnie the Pooh and the Honey Tree,
762,Kanga,Barbara Luddy,Winnie the Pooh and the Honey Tree,1.445
763,Owl,Hal Smith,Winnie the Pooh and the Honey Tree,6.457
764,Gopher,Howard Morris; Michael Gough,Winnie the Pooh and the Honey Tree,4.1455
765,Rabbit,Junius Matthews,Winnie the Pooh and the Honey Tree,3.735
766,Christopher Robin,Bruce Reitherman,Winnie the Pooh and the Honey Tree,0.979
767,Eeyore,Ralph Wright,Winnie the Pooh and the Honey Tree,2.159
768,Wynchel,Adam Carolla,Wreck-It Ralph,2.838
769,Adorabeezle Winterpop,None,Wreck-It Ralph,0.6
770,Sergeant Calhoun,Jane Lynch,Wreck-It Ralph,10.267
771,King Candy/Turbo,Alan Tudyk,Wreck-It Ralph,8.131
772,Snowanna Rainbeau,None,Wreck-It Ralph,0.6
773,Sour Bill,Rich Moore,Wreck-It Ralph,5.062
774,Minty Zaki,None,Wreck-It Ralph,0.6
775,Duncan,Horatio Sanz,Wreck-It Ralph,5.191
776,Wreck-It Ralph,John C. Reilly,Wreck-It Ralph,6.329
777,Crumbelina DiCaramello,Cymbre Walk,Wreck-It Ralph,1.4
778,Jubileena Bing-Bing,Josie Trinidad,Wreck-It Ralph,6.51
779,Gloyd Orangeboar,None,Wreck-It Ralph,0.6
780,Rancis Fluggerbutter,Jamie Elman,Wreck-It Ralph,1.307
781,"Swizzle ""The Swizz"" Malarkey",None,Wreck-It Ralph,0.6
782,Taffyta Muttonfudge,Mindy Kaling,Wreck-It Ralph,7.646
783,Fix-It Felix Jr.,Jack McBrayer,Wreck-It Ralph,11.225
784,Mr. Litwak,Ed O'Neill,Wreck-It Ralph,7.44
785,Candlehead,Katie Lowes,Wreck-It Ralph,3.626
786,Markowski,Joe Lo Truglio,Wreck-It Ralph,5.198
787,General Hologram,Dennis Haysbert,Wreck-It Ralph,10.166
788,Vanellope von Schweetz,Sarah Silverman,Wreck-It Ralph,4.913
789,Duke Weaselton,Alan Tudyk,Zootopia,8.131
790,Pronk Oryx-Antlerson,Jared Bush,Zootopia,3.419
791,Chief Bogo,Idris Elba,Zootopia,27.334
792,Bucky Oryx-Antlerson,Byron Howard,Zootopia,5.088
793,Bonnie Hopps,Bonnie Hunt,Zootopia,8.071
794,Mrs. Otterton,Octavia Spencer,Zootopia,10.038
795,Mr. Big,Maurice LaMarche,Zootopia,3.858
796,Yax,Tommy Chong,Zootopia,4.132
797,Judy Hopps,Ginnifer Goodwin,Zootopia,9.622
798,Woolter the Ram,John DiMaggio,Zootopia,4.038
799,Doug Ramses,Rich Moore,Zootopia,5.062
800,Emmitt Otterton,None,Zootopia,0.6
801,Jesse the Ram,John DiMaggio,Zootopia,4.038
802,Jerry Jumbeaux Jr.,John DiMaggio,Zootopia,4.038
803,Mayor Lionheart,J.K. Simmons,Zootopia,21.258
804,Flash Slothmore,Raymond S. Persi,Zootopia,1.868
805,"Nicholas ""Nick"" P. Wilde",Jason Bateman,Zootopia,16.141
806,Stu Hopps,Don Lake,Zootopia,6.356
807,Finnick,"Tommy ""Tiny"" Lister Jr.",Zootopia,
808,Assistant Mayor Dawn Bellwether,Jenny Slate,Zootopia,27.587
809,Benjamin Clawhauser,Nate Torrence,Zootopia,7.679
810,Gazelle,Shakira,Zootopia,5.1
