character,voice-actor,movie,ActorPop
Abigail Gabble,Monica Evans,The Aristocats,2.009
Abis Mal,Jason Alexander,The Return of Jafar,12.131
Abu,Frank Welker,Aladdin,17.456
Achilles,None,The Hunchback of Notre Dame,0.6
Adella,Sherry Lynn,The Little Mermaid,2.736
Adorabeezle Winterpop,None,Wreck-It Ralph,0.6
Agent Wendy Pleakley,Kevin McDonald,Lilo & Stitch,7.81
Ajax the Gorilla,None,Donald Duck and the Gorilla,0.6
Al the Alligator,Thurl Ravenscroft,Lady and the Tramp,4.88
Aladar,D. B. Sweeney,Dinosaur,11.266
Aladdin,Scott Weinger; Brad Kane,Aladdin,5.4275
Alameda Slim,Randy Quaid,Home on the Range,14.049
Alan-a-Dale,Roger Miller,Robin Hood,2.951
Alana,Kimmy Robertson,The Little Mermaid,4.92
Alcmene,Barbara Barrie,Hercules,4.25
Alice,Kathryn Beaumont,Alice in Wonderland,3.278
Alice Bluebonnet,None,Make Mine Music,0.6
Alice's Sister,Heather Angel,Alice in Wonderland,3.582
Amelia Gabble,Carole Shelley,The Aristocats,1.61
Amos Slade,Jack Albertson,The Fox and the Hound,5.908
Amphitryon,Hal Holbrook,Hercules,7.587
Anastasia Tremaine,Lucille Bliss,Cinderella,3.821
Anda,Andrea Martin,Brother Bear 2,9.373
Andrina,Tara Strong,The Little Mermaid,14.56
Angel,Alyssa Milano,Lady and the Tramp II: Scamp's Adventure,22.659
Angelique,Bernadette Peters,Beauty and the Beast: The Enchanted Christmas,7.848
Angus MacBadger,Campbell Grant,The Adventures of Ichabod and Mr. Toad,0.6
Anna,Kristen Bell,Frozen,18.259
Annette,Debi Derryberry,Lady and the Tramp II: Scamp's Adventure,8.882
April,None,House of Mouse,0.6
Apollo,Keith David,Hercules,10.199
Aquata,Grey DeLisle; Mona Marshall,The Little Mermaid,5.83
Aracuan Bird,Pinto Colvig,The Three Caballeros,3.267
The Archdeacon,David Ogden Stiers,The Hunchback of Notre Dame,8.746
Archimedes Q. Porter,Nigel Hawthorne,Tarzan,2.922
Archimedes,Junius Matthews,The Sword in the Stone,1.667
Ariel,Jodi Benson,The Little Mermaid,3.306
Arista,Kimmy Robertson,The Little Mermaid,4.92
Armoire,Jo Anne Worley,Beauty and the Beast,1.44
Arthur/Wart,Rickie Sorensen,The Sword in the Stone,3.325
Arthur/Wart,Richard Reitherman,The Sword in the Stone,1.69
Arthur/Wart,Robert Reitherman,The Sword in the Stone,0.6
Arthur,David Lander,Jungle Cubs,2.737
Assistant Mayor Dawn Bellwether,Jenny Slate,Zootopia,16.819
Atka,Jeff Bennett,Brother Bear 2,8.547
Atropos,Paddi Edwards,Hercules,2.542
Attina,Kari Wahlgren,The Little Mermaid,6.771
Audrey the Chicken,Estelle Harris,Home on the Range,9.873
Audrey Ramirez,Jacqueline Obradors,Atlantis: The Lost Empire,17.1
Aunt Sarah,Verna Felton,Lady and the Tramp,4.071
Aunt Siqiniq,Wendie Malick,Brother Bear 2,13.588
Aunt Taqqiq,Kathy Najimy,Brother Bear 2,9.37
Axe,Jeff Bennett,Beauty and the Beast: The Enchanted Christmas,8.547
B.E.N.,Martin Short,Treasure Planet,7.129
Babette,Mary Kay Bergman,Beauty and the Beast,5.008
Babyface Beagle,Terry McGovern,DuckTales,1.014
Baby Red Bird,Tress MacNeille,Mickey Mouse Clubhouse,11.737
Baby Herman,April Winchell,Who Framed Roger Rabbit,4.361
Baby Herman,Lou Hirsch,Who Framed Roger Rabbit,3.211
Backwoods Beagle,Danny Mann,DuckTales,3.005
Bacon Beagle,None,DuckTales,0.6
Baggy Beagle,Frank Welker,DuckTales,17.456
Baileywick,Tim Gunn,Sofia the First,3.782
Baker,Alex Murphey,Beauty and the Beast,
Baker,Rob Paulsen,Cinderella II: Dreams Come True,6.733
Ballerina,None,Fantasia 2000,0.6
Bambi,Donnie Dunagan,Bambi,2.803
Bambi,Hardie Albright,Bambi,5.715
Bambi,Alexander Gould,Bambi,8.274
Bambi's Mother,Paula Winslowe; Carolyn Hennesy,Bambi,6.6215
Bankjob Beagle,Peter Cullen,DuckTales,6.516
Bartholomew,Barrie Ingham,The Great Mouse Detective,1.807
Bashful,Scotty Mattraw,Snow White and the Seven Dwarfs,0.861
Basil of Baker Street,Barrie Ingham,The Great Mouse Detective,1.807
Baylene,Joan Plowright,Dinosaur,4.372
Bear,Dal McKennon,Bedknobs and Broomsticks,2.414
Beary Barrington,Haley Joel Osment,The Country Bears,16.639
Beast,Robby Benson,Beauty and the Beast,13.27
Beaver,Stan Freberg,Lady and the Tramp,2.639
Bella,Frank Welker,Mickey Mouse Clubhouse,17.456
Belle,Paige O'Hara,Beauty and the Beast,4.494
Ben Ali Gator,Jim Cummings,Fantasia,10.483
Benjamin Clawhauser,Nate Torrence,Zootopia,4.88
Benny the Cab,Charles Fleischer,Who Framed Roger Rabbit,5.585
Bent-Tail the Coyote,Unknown,The Legend of Coyote Rock,1.467
Bent-Tail Junior,Unknown,Sheep Dog,1.467
Bentina Beakley,Joan Gerber,DuckTales,3.216
Beret Girl,Vicki Lewis,An Extremely Goofy Movie,6.51
Berlioz,Dean Clark,The Aristocats,1.4
Bernard,Bob Newheart,The Rescuers,
Big Al,James Gammon,The Country Bears,8.158
Big Bad Wolf,Billy Bletcher,Three Little Pigs,3.852
Big Mama,Pearl Bailey,The Fox and the Hound,4.61
Bigtime Beagle,Frank Welker,DuckTales,17.456
Bill the Lizard,Larry Grey,Alice in Wonderland,0.98
Billy Boss,Thurl Ravenscroft,The Aristocats,4.88
Billy Bones,Patrick McGoohan,Treasure Planet,8.431
Bimbette,Kath Soucie,Beauty and the Beast,9.964
Binkie Muddlefoot,Susan Tolsky,Darkwing Duck,0.716
Binky Beagle,None,DuckTales,0.6
Black Bart,Thurl Ravenscroft,The Sword in the Stone,4.88
Blaze,None,Tinker Bell and the Lost Treasure,0.6
Bobble,Rob Paulsen,Disney Fairies,6.733
Bomber Beagle,Robert Ridgely,DuckTales,3.261
Bonnie Hopps,Bonnie Hunt,Zootopia,8.43
Bookseller,Alvin Epstein,Beauty and the Beast,3.338
Boomer,Paul Winchell,The Fox and the Hound,4.283
Bonkers D. Bobcat,Jim Cummings,Bonkers,10.483
Boss Beaver,Brad Garrett,Timon and Pumbaa,8.878
Bouncer Beagle,Chuck McCann,DuckTales,3.566
Bowler Hat Guy,Stephen J. Anderson,Meet the Robinsons,5.169
Br'er Bear,Nick Stewart,Song of the South,4.9
Br'er Fox,James Baskett,Song of the South,3.058
Br'er Rabbit,Johnny Lee,Song of the South,1.4
Bradley Uppercrust III,Jeff Bennett,An Extremely Goofy Movie,8.547
Bruno the Dog,Jimmy MacDonald; Frank Welker,Cinderella,9.028
Bruton,Peter Siragusa,Dinosaur,2.502
Brutus and Nero,Candy Candido,The Rescuers,0.883
Buck,Cuba Gooding Jr.,Home on the Range,9.418
Bucky Bug,None,Silly Symphonies,0.6
Bucky Oryx-Antlerson,Byron Howard,Zootopia,5.836
Bucky the Squirrel,Bob Bergen,The Emperor's New Groove,5.287
Buford the Cook,Michael Colyar,The Princess and the Frog,1.4
Bugle Beagle,Brian Cummings,DuckTales,2.16
Burger Beagle,Chuck McCann,DuckTales,3.566
Buster,Chazz Palminteri,Lady and the Tramp II: Scamp's Adventure,5.426
Butch the Bulldog,Frank Welker,Bone Trouble,17.456
Cadpig,Kath Soucie,101 Dalmatians: The Series,9.964
Calliope,Lillias White,Hercules,2.307
Candlehead,Katie Lowes,Wreck-It Ralph,5.248
The Captain,Thurl Ravenscroft,One Hundred and One Dalmatians,4.88
Captain Amelia,Emma Thompson,Treasure Planet,23.551
Captain Hook,Hans Conried,Peter Pan,4.675
Captain Phoebus,Kevin Kline,The Hunchback of Notre Dame,9.766
Carl the Robot,Harland Williams,Meet the Robinsons,9.553
Carlotta the Maid,Edie McClurg,The Little Mermaid,11.748
The Carpenter,J. Pat O'Malley,Alice in Wonderland,7.005
Casey Junior,Margaret Wright,Dumbo,0.98
Cash,Patrick Swayze,The Fox and the Hound 2,17.069
Cassim,John Rhys-Davies,Aladdin and the King of Thieves,16.897
The Caterpillar,Richard Haydn,Alice in Wonderland,5.659
Catty the Elephant,Noreen Gammill,Dumbo,0.98
Cecil the Vulture,Michael McKean,Jungle Cubs,10.619
Cedric the Sorcerer,Jess Harnell,Sofia the First,7.403
Chaca,Kellyann Kelso,The Emperor's New Groove,3.441
Chandeleria,April Winchell,Belle's Magical World,4.361
Chair Mouse,Bernard Fox,The Rescuers,3.868
Chainsaw,Frank Welker,Goof Troop,17.456
Charlotte La Bouff,Jennifer Cody,The Princess and the Frog,2.137
Cheetata and Cheetato,Rob Paulsen; Jim Cummings,Timon and Pumbaa,8.608
Chef Bouche,Brian Cummings,Beauty and the Beast,2.16
Chef Louis,Rene Auberjonois,The Little Mermaid,6.719
Chernabog,Corey Burton,Fantasia,9.168
Cheshire Cat,Sterling Holloway,Alice in Wonderland,9.849
Chi-Fu,James Hong,Mulan,10.045
Chicha,Wendie Malick,The Emperor's New Groove,13.588
Chief,Pat Buttram,The Fox and the Hound,8.077
Chief Bogo,Idris Elba,Zootopia,20.716
Chien-Po,Jerry Tondo,Mulan,0.6
Chip,James MacDonald,Private Pluto,2.604
Chip Potts,Bradley Michael Pierce,Beauty and the Beast,3.839
Christopher Robin,Bruce Reitherman,Winnie the Pooh and the Honey Tree,3.263
Cinderella,Ilene Woods,Cinderella,6.59
Circus Animals,None,Dumbo,0.6
Clank,Jeff Bennett,Disney Fairies,8.547
Clara Cluck,Florence Gill,Orphan's Benefit,1.011
Clarabelle Cow,Marcellite Garner,Plane Crazy,4.378
Clayton,Brian Blessed,Tarzan,5.474
Clio,Vanéese Y. Thomas,Hercules,0.6
Cloak and Dagger,None,The Little Mermaid II: Return to the Sea,0.6
Clopin Trouillefou,Paul Kandel,The Hunchback of Notre Dame,0.6
Clotho,Amanda Plummer,Hercules,6.124
Clover,Wayne Brady,Sofia the First,10.193
Cobra Bubbles,Ving Rhames,Lilo & Stitch,11.658
Codfish,Robert Holt,Bedknobs and Broomsticks,1.38
Cody,Adam Ryen,The Rescuers Down Under,2.376
Cogsworth,David Ogden Stiers,Beauty and the Beast,8.746
Colette,Kath Soucie,Lady and the Tramp II: Scamp's Adventure,9.964
Commander Lyle Rourke,James Garner,Atlantis: The Lost Empire,9.839
Cookie,Jim Varney,Atlantis: The Lost Empire,6.175
Copper,Corey Feldman; Kurt Russell,The Fox and the Hound,13.126
Cornelius Robinson,Tom Selleck,Meet the Robinsons,10.599
Cousin Randy,Randy Newman,The Princess and the Frog,2.928
Crane,Jeff Bennett,Belle's Magical World,8.547
Creeper,Phil Fondacaro,The Black Cauldron,6.061
Cri-Kee,None,Mulan,0.6
The Crocodile (Tick Tock),None,Peter Pan,0.6
Crumbelina DiCaramello,Cymbre Walk,Wreck-It Ralph,1.576
Cubby,Robert Ellis,Peter Pan,1.996
Cyril Proudbottom,J. Pat O'Malley,The Adventures of Ichabod and Mr. Toad,7.005
Daisy Duck,Clarence Nash; Gloria Blondell,Mr. Duck Steps Out,4.0825
Dale,Dessie Flynn; Corey Burton,Private Pluto,6.2005
Dallben,Freddie Jones,The Black Cauldron,6.288
Danielle,Kath Soucie,Lady and the Tramp II: Scamp's Adventure,9.964
Danny,Andrew McDonough,Return to Never Land,1.4
Darby,Chloë Grace Moretz,My Friends Tigger & Pooh,59.777
Darling,Peggy Lee,Lady and the Tramp,1.4
Dash,Stephen Furst,The Little Mermaid II: Return to the Sea,4.599
David Kawena,Jason Scott Lee,Lilo & Stitch,9.957
Demetrius,Wayne Knight,Hercules,10.503
Denahi,Jason Raize,Brother Bear,3.176
Derek Blunt,Peter Renaday,Darkwing Duck,3.533
Dewey,Clarence Nash; Russi Taylor,Donald's Nephews,5.6505
Dex Barrington,Justin Berfield,The Country Bears,7.71
Digger the Mole,Dub Taylor,The Rescuers,7.153
Dijon the Thief,Richard Libertini,DuckTales,4.216
Dinah the Cat,None,Alice in Wonderland,0.6
Dinah the Dachshund,None,The Sleepwalker,0.6
Dinky,Richard Bakalyan,The Fox and the Hound,3.162
Dixie,Reba McEntire,The Fox and the Hound 2,4.35
Djali,None,The Hunchback of Notre Dame,0.6
Doc,Roy Atwell,Snow White and the Seven Dwarfs,0.821
Doctor Mouse,Bernard Fox,The Rescuers Down Under,3.868
The Dodo,Bill Thompson,Alice in Wonderland,3.863
The Dog Catcher,Jeff Bennett,Lady and the Tramp II: Scamp's Adventure,8.547
Doli,John Byner,The Black Cauldron,4.199
Don Karnage,Jim Cummings,TaleSpin,10.483
Donald Duck,Clarence Nash; Tony Anselmo,The Wise Little Hen,7.949
Doofus Drake,Brian Cummings,DuckTales,2.16
The Doorknob,Joseph Kearns,Alice in Wonderland,4.218
The Doorman,Don Barclay,Cinderella,2.894
Dopey,Eddie Collins,Snow White and the Seven Dwarfs,0.98
Doris,Ethan Sandler,Meet the Robinsons,2.192
The Dormouse,Jimmy MacDonald,Alice in Wonderland,0.6
Doug Ramses,Rich Moore,Zootopia,4.116
Dr. David Q. Dawson,Val Bettin,The Great Mouse Detective,1.757
Dr. Doppler,David Hyde Pierce,Treasure Planet,8.632
Dr. Facilier,Keith David,The Princess and the Frog,10.199
Dr. Jacques von Hamsterviel,Jeff Bennett,Stitch! The Movie,8.547
Dr. Joshua Sweet,Phil Morris,Atlantis: The Lost Empire,6.789
Dr. Jumba Jookiba,David Ogden Stiers,Lilo & Stitch,8.746
Dr. Reginald Bushroot,Tino Insana,Darkwing Duck,2.589
Drake Mallard (Darkwing Duck),Jim Cummings,Darkwing Duck,10.483
Drizella Tremaine,Rhoda Williams; Russi Taylor,Cinderella,5.4805
Duchess,Eva Gabor,The Aristocats,6.322
Duchess,Marjorie Bennett,One Hundred and One Dalmatians,3.098
Duckworth,Chuck McCann,DuckTales,3.566
Duke,None,Fantasia 2000,0.6
Duke of Weselton,Alan Tudyk,Frozen,13.908
Duke Weaselton,Alan Tudyk,Zootopia,13.908
Dumbo,None,Dumbo,0.6
Duncan,Horatio Sanz,Wreck-It Ralph,5.276
Edgar Balthazar the Butler,Roddy Maude-Roxby,The Aristocats,5.209
Edward,Roger Rees,Return to Never Land,6.094
Eema,Della Reese,Dinosaur,1.4
Eeyore,Ralph Wright,Winnie the Pooh and the Honey Tree,2.384
El Capitan,Jim Cummings,DuckTales,10.483
"Eli ""Big Daddy"" La Bouff",John Goodman,The Princess and the Frog,18.16
Ellie Mae,Jeanette Nolan,The Rescuers,7.57
Elliott,Charlie Callas,Pete's Dragon,5.782
Elmer Elephant,None,Silly Symphonies,0.6
Elsa,Idina Menzel,Frozen,11.632
Emmitt Otterton,None,Zootopia,0.6
Emperor of China,Pat Morita,Mulan,12.37
The Enchantress,Kath Soucie,Beauty and the Beast: The Enchanted Christmas,9.964
Esmeralda,Demi Moore,The Hunchback of Notre Dame,13.38
Eudora,Oprah Winfrey,The Princess and the Frog,7.741
Evangaline,None,The Princess and the Frog,0.6
Evinrude,Jimmy MacDonald,The Rescuers,0.6
Fa Li,Freda Foh Shen,Mulan,4.074
Fa Zhou,Soon-Tek Oh,Mulan,5.498
Fairy Godmother,Verna Felton; Russi Taylor,Cinderella,4.4695
Fairy Mary,Jane Horrocks,Disney Fairies,5.212
Faline,Cammie King; Ann Gillis,Bambi,2.748
Fall-Apart Rabbit,Frank Welker,Bonkers,17.456
Faloo,Carla Meyer,The Rescuers Down Under,1.182
Fat Cat,Jim Cummings,Chip 'n Dale Rescue Rangers,10.483
Fawn,America Ferrera,Disney Fairies,10.775
Felicia the Cat,Frank Welker,The Great Mouse Detective,17.456
Fenton Crackshell (Gizmoduck),Hamilton Camp,DuckTales,4.388
Fenton Q. Harcourt,David Ogden Stiers,Atlantis: The Lost Empire,8.746
Ferdie Fieldmouse,None,Mickey's Steam Roller,0.6
Ferdinand the Bull,Milt Kahl,Silly Symphonies,2.736
Fflewddur Fflam,Nigel Hawthorne,The Black Cauldron,2.922
Fidget,Candy Candido,The Great Mouse Detective,0.883
Fiddler Pig,Mary Moder,Three Little Pigs,2.506
Fife the Piccolo,Paul Reubens,Beauty and the Beast: The Enchanted Christmas,7.437
Fifer Pig,Dorothy Compton,Three Little Pigs,2.259
Fifi the Featherduster,Kimmy Robertson,Beauty and the Beast,4.92
Figment,Dave Goelz,Journey into Imagination with Figment,3.239
Finnick,"Tommy ""Tiny"" Lister Jr.",Zootopia,
First Ancestor Fa,George Takei,Mulan,8.376
Firebird !The Firebird,Hugo Weaving,Fantasia 2000,27.323
Fix-It Felix Jr.,Jack McBrayer,Wreck-It Ralph,11.459
Flash Slothmore,Raymond S. Persi,Zootopia,6.167
Flintheart Glomgold,Hal Smith,DuckTales,8.37
Flotsam and Jetsam,Paddi Edwards,The Little Mermaid,2.542
Flounder,Jason Marin,The Little Mermaid,3.902
Flower,Stan Alexander; Sterling Holloway,Bambi,5.5065
Flynn Rider,Zachary Levi,Tangled,19.314
Footman,Larry Grey,Cinderella,0.98
Forte the Pipe Organ,Tim Curry,Beauty and the Beast: The Enchanted Christmas,16.803
Fran,Edie McClurg,Higglytown Heroes,11.748
Francois,Bronson Pinchot,Lady and the Tramp II: Scamp's Adventure,11.697
Francois,Ed Gilbert,The Rescuers Down Under,3.703
Frank,Wayne Robson,The Rescuers Down Under,6.381
Frankie the Frog,Aurian Redson,Meet the Robinsons,1.4
Franny Robinson,Nicole Sullivan,Meet the Robinsons,8.382
Fred,S. Scott Bullock,Timon and Pumbaa,1.697
Friar Tuck,Andy Devine,Robin Hood,4.316
Friend Owl,Will Wright,Bambi,3.206
Frou-Frou,Nancy Kulp,The Aristocats,4.671
Gadget Hackwrench,Tress MacNeille,Chip 'n Dale Rescue Rangers,11.737
"Gaetan ""Mole"" Moliére",Corey Burton,Atlantis: The Lost Empire,9.168
Captain Gantu,Kevin Michael Richardson,Lilo & Stitch,13.643
Gaston,Richard White,Beauty and the Beast,1.656
Gazelle,Shakira,Zootopia,5.724
General Hologram,Dennis Haysbert,Wreck-It Ralph,12.003
General Li,James Shigeta,Mulan,2.577
Genie,Robin Williams,Aladdin,15.764
George Darling,Hans Conried,Peter Pan,4.675
Georges Hautecourt,Charles Lane,The Aristocats,4.546
Giddy the Elephant,Dorothy Scott,Dumbo,0.6
Giselle,Amy Adams,Enchanted,16.395
Gladstone Gander,Rob Paulsen,DuckTales,6.733
Gliss,Grey Delisle,Secret of the Wings,8.161
Glittering Goldie,Joan Gerber,DuckTales,3.216
Gloyd Orangeboar,None,Wreck-It Ralph,0.6
Goob,Matthew Josten,Meet the Robinsons,2.304
Goofy,Pinto Colvig; Bill Farmer,Mickey's Revue,4.729
Gopher,Howard Morris; Michael Gough,Winnie the Pooh and the Honey Tree,7.8075
Gosalyn Mallard,Christine Cavanaugh,Darkwing Duck,3.987
Grace,Jennifer Tilly,Home on the Range,13.323
Gramps,Larry Clemmons,The Rescuers,1.78
Grand Councilwoman,Zoe Caldwell,Lilo & Stitch,1.943
The Grand Duke,Luis Van Rooten; Rob Paulsen,Cinderella,4.6675
Grandma Duck,June Foray,"This is Your Life, Donald Duck",5.718
Grandmother Fa,June Foray,Mulan,5.718
Granny Rose,Vicki Lawrence,The Fox and the Hound 2,4.381
Greasy the Weasel,Charles Fleischer,Who Framed Roger Rabbit,5.585
Great Prince of the Forest,Fred Shields,Bambi,0.6
Grimsby,Ben Wright,The Little Mermaid,2.599
The Groundhog,Brian Pimental,Bambi II,2.503
Grumpy,Pinto Colvig,Snow White and the Seven Dwarfs,3.267
Gurgi,John Byner,The Black Cauldron,4.199
Gus Lollygagger,Jimmy MacDonald; Corey Burton,Cinderella,4.884
Gus Goose,Clarence Nash,Donald's Cousin Gus,6.433
Gyro Gearloose,Hal Smith,DuckTales,8.37
Hades,James Woods,Hercules,18.455
Hands,Micheal McShane,Treasure Planet,4.118
Happy,Otis Harlan,Snow White and the Seven Dwarfs,3.109
Harold the Seahorse,Will Ryan,The Little Mermaid,1.4
Haroud Hazi Bin,James Avery,Aladdin,6.202
Harvey Fenner,Corey Burton,The Princess and the Frog,9.168
Headless Horseman,None,The Adventures of Ichabod and Mr. Toad,0.6
Helga Sinclair,Claudia Christian,Atlantis: The Lost Empire,11.239
Hen Wen,None,The Black Cauldron,0.6
Henry Fenner,Jerry Kernion,The Princess and the Frog,2.298
Hera,Samantha Eggar,Hercules,10.733
Herb Muddlefoot,Jim Cummings,Darkwing Duck,10.483
Hercules,Tate Donovan; Joshua Keaton,Hercules,11.537
Hermes,Paul Shaffer,Hercules,2.249
Hiram Flaversham,Alan Young; Alan Young,The Great Mouse Detective,5.032
Hit Cat the English Cat,Lord Tim Hudson,The Aristocats,0.659
Honker Muddlefoot,Katie Leigh,Darkwing Duck,2.988
Hook Hand,Brad Garrett,Tangled,8.878
Hoonah,Tress MacNeille,Brother Bear 2,11.737
Horace Horsecollar,Walt Disney; Bill Farmer,The Plow Boy,6.0505
The Horned King,John Hurt,The Black Cauldron,16.16
Huey,Clarence Nash; Russi Taylor,Donald's Nephews,5.6505
Hugo,Jason Alexander,The Hunchback of Notre Dame,12.131
Humbert the Huntsman,Stuart Buchanan,Snow White and the Seven Dwarfs,1.399
Humphrey the Bear,Jimmy MacDonald; Jim Cummings,Hold That Pose,5.5415
Hyacinth Hippo,Tress MacNeille,Fantasia,11.737
Iago,Gilbert Gottfried,Aladdin,18.521
Ian the Alligator,Kevin Michael Richardson,The Princess and the Frog,13.643
Ichabod Crane,Pinto Colvig,The Adventures of Ichabod and Mr. Toad,3.267
The Indian Chief,Candy Candido,Peter Pan,0.883
Innoko,Wanda Sykes,Brother Bear 2,6.779
Iridessa,Raven-Symoné,Disney Fairies,9.349
J. Audubon Woodlore,Bill Thompson,Grin and Bear It,3.863
J. Gander Hooter,Danny Mann,Darkwing Duck,3.005
J. Thaddeus Toad,Eric Blore,The Adventures of Ichabod and Mr. Toad,2.776
Jack-in-the-Box,John Lithgow,Fantasia 2000,11.1
"Jackson ""Jaq"" Hopscotch",Jimmy MacDonald; Rob Paulsen,Cinderella,3.6665
Jafar,Jonathan Freeman,Aladdin,2.83
Jake,Tristan Rogers,The Rescuers Down Under,1.602
Jane,Harriet Owen,Return to Never Land,1.153
Jane Porter,Minnie Driver,Tarzan,9.063
Jeb the Goat,Joe Flaherty,Home on the Range,5.572
Jenny Wren,Martha Wentworth,Silly Symphonies,5.917
Jerry Jumbeaux Jr.,John DiMaggio,Zootopia,8.606
Jesse the Ram,John DiMaggio,Zootopia,8.606
Jessica Rabbit,Kathleen Turner,Who Framed Roger Rabbit,11.222
Jim Crow,Cliff Edwards,Dumbo,2.376
Jim Dear,Lee Millar,Lady and the Tramp,1.4
Jim Hawkins,Joseph Gordon-Levitt,Treasure Planet,15.084
Jobless Joe,None,Fantasia 2000,0.6
Jock,Bill Thompson,Lady and the Tramp,3.863
Joe Giraffe,Pinto Colvig,Silly Symphonies,3.267
Joey Hippo,None,Silly Symphonies,0.6
John Darling,Paul Collins,Peter Pan,3.447
John Silver,Brian Murray,Treasure Planet,3.163
Johnny Appleseed,Dennis Day,Melody Time,1.457
José Carioca,José Oliveira; Rob Paulsen,Saludos Amigos,4.4105
Jubileena Bing-Bing,Josie Trinidad,Wreck-It Ralph,5.492
Judge Claude Frollo,Tony Jay,The Hunchback of Notre Dame,6.836
Judge Doom,Christopher Lloyd,Who Framed Roger Rabbit,18.626
Judy Hopps,Ginnifer Goodwin,Zootopia,9.556
June,None,House of Mouse,0.6
Junior the Buffalo,Lance LeGault,Home on the Range,7.102
Kala,Glenn Close,Tarzan,11.555
Kanga,Barbara Luddy,Winnie the Pooh and the Honey Tree,4.699
Kata,Catherine O'Hara,Brother Bear 2,12.864
Katrina Van Tassel,None,The Adventures of Ichabod and Mr. Toad,0.6
Kenai,Joaquin Phoenix,Brother Bear,19.024
Kerchak,Lance Henriksen,Tarzan,14.637
Kiara,Michelle Horn; Neve Campbell,The Lion King II: Simba's Pride,13.8185
The King,Luis Van Rooten,Cinderella,2.602
The King of Hearts,Dink Trout,Alice in Wonderland,1.205
King Candy/Turbo,Alan Tudyk,Wreck-It Ralph,13.908
King Eiddileg,Arthur Malet,The Black Cauldron,6.201
King Kashekim Nedakh,Leonard Nimoy,Atlantis: The Lost Empire,10.142
King Leonidas,Lennie Weinrib,Bedknobs and Broomsticks,4.705
King Richard,Peter Ustinov,Robin Hood,11.784
King Roland II,Travis Willingham,Sofia the First,5.054
King Triton,Kenneth Mars,The Little Mermaid,5.394
Kit Cloudkicker,R. J. Williams; Alan Roberts,TaleSpin,1.2425
Koda,Jeremy Suarez,Brother Bear,5.091
Kovu,Ryan O'Donohue; Jason Marsden,The Lion King II: Simba's Pride,5.655
Krebbs,Douglas Seale,The Rescuers Down Under,2.927
Kristoff,Jonathan Groff,Frozen,8.717
Kron,Samuel E. Wright,Dinosaur,2.088
Kronk Pepikrankenitz,Patrick Warburton,The Emperor's New Groove,17.391
Kuzco,David Spade,The Emperor's New Groove,20.912
Lachesis,Carole Shelley,Hercules,1.61
Lady,Barbara Luddy,Lady and the Tramp,4.699
Lady DeBurne,April Winchell,The Hunchback of Notre Dame II,4.361
Lady Kluck,Carole Shelley,Robin Hood,1.61
Lady Mouse,Shani Wallis,The Great Mouse Detective,5.321
Lady Tremaine,Eleanor Audley; Susanne Blakeslee,Cinderella,6.045
Lafayette the Basset Hound,George Lindsey,The Aristocats,3.319
Larry the Duck,Marshall Efron,Home on the Range,1.541
Launchpad McQuack,Terry McGovern,DuckTales,1.014
Laverne,Mary Wickes,The Hunchback of Notre Dame,4.596
Lawrence the Valet,Peter Bartlett,The Princess and the Frog,1.29
Le Fou,Jesse Corti,Beauty and the Beast,4.105
Lefty,Nathan Greno,Meet the Robinsons,2.598
Le Plufme,Rob Paulsen,Belle's Magical World,6.733
Lewis,Jordan Fry,Meet the Robinsons,6.198
Li Shang,B.D. Wong,Mulan,13.23
Lil Bad Wolf,Andrew Lawrence,The Porker's Court,12.822
Lilo Pelekai,Daveigh Chase,Lilo & Stitch,9.273
Ling,Gedde Watanabe,Mulan,5.261
Liquidator !The Liquidator,Jack Angel,Darkwing Duck,5.734
Little John,Phil Harris,Robin Hood,5.047
Little Toot,None,Melody Time,0.6
Mr. Litwak,Ed O'Neill,Wreck-It Ralph,14.865
Lizzy,Tracey Miller-Zarneke,Meet the Robinsons,0.6
Lizzy Griffths,Lauren Mote,Tinker Bell and the Great Fairy Rescue,0.6
Louie,Clarence Nash; Russi Taylor,Donald's Nephews,5.6505
Louis the Alligator,Michael-Leon Wooley,The Princess and the Frog,3.978
Lucifer the Cat,June Foray,Cinderella,5.718
Lucille Krunklehorn,Laurie Metcalf,Meet the Robinsons,13.272
Lucky,Mimi Gibson,One Hundred and One Dalmatians,9.11
Lucky Jack,Charles Haid,Home on the Range,7.233
Ludwig Von Drake,Paul Frees,An Adventure in Color,7.582
Luke,Pat Buttram,The Rescuers,8.077
Lumière,Jerry Orbach,Beauty and the Beast,14.398
Lumpy the Heffalump,Kyle Stanger,Pooh's Heffalump Movie,1.87
Lyle,Jeff Foxworthy,The Fox and the Hound 2,2.701
Ma Beagle,June Foray,DuckTales,5.718
Mad Hatter,Ed Wynn,Alice in Wonderland,7.336
Madame Adelaide Bonfamille,Hermione Baddeley,The Aristocats,7.441
Madame Medusa,Geraldine Page,The Rescuers,3.763
Madam Mim,Martha Wentworth,The Sword in the Stone,5.917
Madame Upanova,Tress MacNeille,Fantasia,11.737
Madellaine,Jennifer Love Hewitt,The Hunchback of Notre Dame II,11.435
Maggie,Roseanne Barr,Home on the Range,3.756
Magic Carpet,None,Aladdin,0.6
The Magic Mirror,Moroni Olsen,Snow White and the Seven Dwarfs,2.58
Magica De Spell,June Foray,DuckTales,5.718
Mahra the Baboon,Tress MacNeille,Jungle Cubs,11.737
Maid Marian,Monica Evans,Robin Hood,2.009
Major the Horse,None,Cinderella,0.6
Malina,Jessica Di Cicco,The Emperor's New School,
Mama Odie,Jenifer Lewis,The Princess and the Frog,5.799
Man the Hunter,None,Bambi,0.6
Marahute,Frank Welker,The Rescuers Down Under,17.456
March Hare,Jerry Colonna,Alice in Wonderland,3.048
Marie,Liz English,The Aristocats,1.008
Markowski,Joe Lo Truglio,Wreck-It Ralph,5.914
Marlon the Alligator,Emeril Lagasse,The Princess and the Frog,1.779
Mary Darling,Heather Angel,Peter Pan,3.582
The Matchmaker,Miriam Margoyles,Mulan,
Maurice,Rex Everhart,Beauty and the Beast,1.924
Max Goof,Dana Hill; Jason Marsden,Goof Troop,6.457
Max Hare,Ned Norton,The Tortoise and the Hare,0.694
Max the Sheepdog,Frank Welker,The Little Mermaid,17.456
Maximus,None,Tangled,0.6
May,None,House of Mouse,0.6
Mayor Lionheart,J.K. Simmons,Zootopia,20.488
Mechanicles,Charlie Adler,Aladdin,5.083
Megabyte Beagle,Frank Welker,DuckTales,17.456
Megara,Susan Egan,Hercules,4.74
Megavolt,Dan Castellaneta,Darkwing Duck,12.94
Melody,Tara Strong,The Little Mermaid II: Return to the Sea,14.56
Melinda,None,Fantasia,0.6
Melpomene,Cheryl Freeman,Hercules,1.028
Mena,Cree Summer,Bambi II,7.28
Merlin,Karl Swenson,The Sword in the Stone,7.9
Merlock the Magician,Christopher Lloyd,DuckTales,18.626
Michael Darling,Tommy Luske,Peter Pan,1.176
Mickey Mouse,Walt Disney,Steamboat Willie,5.91
Mike the Microphone,Rod Roddy,House of Mouse,2.516
Mildred,Angela Bassett,Meet the Robinsons,16.221
Milo Thatch,Michael J. Fox,Atlantis: The Lost Empire,7.973
Minnie Mouse,Walt Disney; Marcellite Garner,Plane Crazy,5.144
Minty Zaki,None,Wreck-It Ralph,0.6
Mirage,Bebe Neuwirth,Aladdin (TV series),9.994
Miranda Wright,Karla DeVito,Bonkers,1.834
Miss Bianca,Eva Gabor,The Rescuers,6.322
Miss Kitty,Melissa Manchester,The Great Mouse Detective,2.019
Miss Nettle,Megan Mullally,Sofia the First,11.511
Moley,Colin Campbell,The Adventures of Ichabod and Mr. Toad,1.741
Monsieur D'Arque,Tony Jay,Beauty and the Beast,6.836
Monterey Jack,Jim Cummings,Chip 'n Dale Rescue Rangers,10.483
Mooch,Bill Fagerbakke,Lady and the Tramp II: Scamp's Adventure,10.655
Morgana,Pat Carroll,The Little Mermaid II: Return to the Sea,5.228
Morgana McCawber,Kath Soucie,Darkwing Duck,9.964
Morph,Dane A. Davis,Treasure Planet,1.27
Mortimer Mouse,Maurice LaMarche,Mickey's Rival,11.22
Morty Fieldmouse,None,Mickey's Steam Roller,0.6
Mother Gothel,Donna Murphy,Tangled,4.348
Mother Rabbit,Barbara Luddy,Robin Hood,4.699
Mozenrath,Jonathan Brandis,Aladdin,11.373
Mr. Arrow,Roscoe Lee Browne,Treasure Planet,5.728
Mr. Big,Maurice LaMarche,Zootopia,11.22
Mr. Pettibone,Jeff Pidgeon,Mickey Mouse Clubhouse,2.384
Mr. Smee,Bill Thompson,Peter Pan,3.863
Mr. Snoops,Joe Flynn,The Rescuers,4.798
Mr. Stork,Sterling Holloway,Dumbo,9.849
Mr. Willerstein,Tom Kenny,Meet the Robinsons,13.182
Mrs. Calloway,Judi Dench,Home on the Range,10.453
Mrs. Featherby,June Foray,DuckTales,5.718
Mrs. Hasagawa,Amy Hill,Lilo & Stitch,6.528
Mrs. Judson,Diana Chesney,The Great Mouse Detective,1.553
Mrs. Jumbo,Verna Felton,Dumbo,4.071
Mrs. Otterton,Octavia Spencer,Zootopia,10.194
Mrs. Possum,Mary Lansing,Bambi,1.566
Mrs. Potts,Angela Lansbury,Beauty and the Beast,8.06
Mrs. Quail,Thelma Boardman,Bambi,1.594
Mulan,Ming-Na Wen; Lea Salonga,Mulan,16.916
Mungo,Jason Marsden,Tarzan,7.942
Mushu,Eddie Murphy,Mulan,14.243
Myrtle Edmonds,Miranda Paige Walls; Liliana Mumy,Lilo & Stitch,4.412
Nana,None,Peter Pan,0.6
Nancy Tremaine,Idina Menzel,Enchanted,11.632
Nani Pelekai,Tia Carrere,Lilo & Stitch,19.855
Nanny,Martha Wentworth,One Hundred and One Dalmatians,5.917
Napoleon the Bloodhound,Pat Buttram,The Aristocats,8.077
Nasira,Jodi Benson,Aladdin in Nasira's Revenge,3.306
Nathaniel,Timothy Spall,Enchanted,11.116
Natives,Jeff Bennett,Timon and Pumbaa,8.547
Ned the Baboon,Charlie Adler,Jungle Cubs,5.083
Neera,Julianna Margulies,Dinosaur,13.456
NegaDuck,Jim Cummings,Darkwing Duck,10.483
Nessus,Jim Cummings,Hercules,10.483
Nibs,Jeffrey Silver,Peter Pan,1.838
"Nicholas ""Nick"" P. Wilde",Jason Bateman,Zootopia,17.166
Nita,Mandy Moore,Brother Bear 2,10.875
Nuka,Andy Dick,The Lion King II: Simba's Pride,6.985
Nurse Mouse,Russi Taylor,The Rescuers Down Under,4.868
Nutsy the Vulture,Ken Curtis,Robin Hood,5.193
Oaken,Chris Williams,Frozen,4.782
The Octopus,Frank Welker,Return to Never Land,17.456
Olaf,Josh Gad,Frozen,14.606
Olivia Flaversham,Susanne Pollatschek,The Great Mouse Detective,3.352
Ollie the Pig,Charlie Dell,Home on the Range,2.348
Onus,Corey Burton,Treasure Planet,9.168
Orddu,Eda Reiss Merin,The Black Cauldron,1.577
Orgoch,Billie Hayes,The Black Cauldron,1.4
Orville,Jim Jordan,The Rescuers,0.652
Orwen,Adele Malis-Morey,The Black Cauldron,1.932
Oswald the Lucky Rabbit,Frank Welker,Trolley Troubles,17.456
Otto,J. Pat O'Malley,Robin Hood,7.005
Owl,Hal Smith,Winnie the Pooh and the Honey Tree,8.37
Pacha,John Goodman,The Emperor's New Groove,18.16
Pain and Panic,Bobcat Goldthwait; Matt Frewer,Hercules,7.85
Panchito Pistoles,Joaquin Garay; Carlos Alazraqui,The Three Caballeros,4.795
Pascal,Frank Welker,Tangled,17.456
Patch,Mickey Maga,One Hundred and One Dalmatians,1.473
Pearl Gesner,Carole Cook,Home on the Range,3.961
Peg,Peggy Lee,Lady and the Tramp,1.4
Peg Pete,April Winchell,Goof Troop,4.361
Pegasus,Frank Welker,Hercules,17.456
Penny,Sandra Abbott,One Hundred and One Dalmatians,1.553
Penny,Michelle Stacy,The Rescuers,4.479
Pepper Ann Pearson,Kathleen Wilhoite,Pepper Ann,8.366
Peppo the Italian Cat,Vito Scotti,The Aristocats,3.386
Percival C. McLeach,George C. Scott,The Rescuers Down Under,11.03
Periwinkle,Lucy Hale,Secret of the Wings,23.908
Pete,Billy Bletcher; Jim Cummings,Alice Solves the Puzzle,7.1675
Pete Junior,Rob Paulsen,Goof Troop,6.733
Peter Pan,Bobby Driscoll,Peter Pan,3.061
Peter Pig,Pinto Colvig,The Wise Little Hen,3.267
The Phantom Blot,Frank Welker; John O'Hurley,DuckTales,10.448
Philoctetes,Danny DeVito,Hercules,13.178
Philippe the Horse,Hal Smith,Beauty and the Beast,8.37
Piglet,John Fiedler,Winnie the Pooh and the Blustery Day,8.049
Pip,Jeff Bennett; Kevin Lima,Enchanted,5.2635
Pistol Pete,Nancy Cartwright,Goof Troop,9.076
Plio,Alfre Woodard,Dinosaur,5.753
Pluto,Pinto Colvig; Bill Farmer,The Chain Gang,4.729
Poe De Spell,Terry McGovern; Frank Welker,DuckTales,9.235
Pom-Pom,Frank Welker,Cinderella II: Dreams Come True,17.456
Powerline,Tevin Campbell,A Goofy Movie,0.84
Practical Pig,Pinto Colvig,Three Little Pigs,3.267
Preston B. Whitmore,John Mahoney,Atlantis: The Lost Empire,7.729
Prince,Harry Stockwell,Snow White and the Seven Dwarfs,1.553
Prince Charming,William Phipps,Cinderella,3.741
Prince Edward,James Marsden,Enchanted,21.045
Prince Eric,Christopher Daniel Barnes,The Little Mermaid,4.303
Prince Hans,Santino Fontana,Frozen,4.5
Prince James,Zach Callison,Sofia the First,7.025
Prince John,Peter Ustinov,Robin Hood,11.784
Prince Naveen,Bruno Campos,The Princess and the Frog,3.938
Princess,Queenie Leonard,One Hundred and One Dalmatians,4.393
Princess Amber,Darcy Rose Byrnes,Sofia the First,7.386
Princess Eilonwy,Susan Sheridan,The Black Cauldron,2.818
Princess Jasmine,Linda Larkin; Lea Salonga,Aladdin,5.002
Princess Kidagakash,Cree Summer,Atlantis: The Lost Empire,7.28
Principal Mazur,Wallace Shawn,A Goofy Movie,18.969
Prissy the Elephant,Sarah Selby,Dumbo,1.502
Professor Norton Nimnul,Jim Cummings,Chip 'n Dale Rescue Rangers,10.483
Professor Ratigan,Vincent Price,The Great Mouse Detective,10.664
Pronk Oryx-Antlerson,Jared Bush,Zootopia,6.511
Prudence,Holland Taylor,Cinderella II: Dreams Come True,8.877
Psycho the Weasel,Charles Fleischer,Who Framed Roger Rabbit,5.585
Quackerjack,Michael Bell,Darkwing Duck,5.195
Quasimodo,Tom Hulce,The Hunchback of Notre Dame,8.138
Queen,Kari Wahlgren,Tangled Ever After,6.771
Queen Athena,Lorelei Hill Butters,The Little Mermaid: Ariel's Beginning,2.101
Queen Clarion,Anjelica Huston,Disney Fairies,8.609
Queen Grimhilde,Lucille La Verne,Snow White and the Seven Dwarfs,1.28
Queen Miranda,Sara Ramirez,Sofia the First,8.456
Queen Mousetoria,Eve Brenner,The Great Mouse Detective,2.136
Queen Narissa,Susan Sarandon,Enchanted,18.213
The Queen of Hearts,Verna Felton,Alice in Wonderland,4.071
Quint,Corey Burton,Timon and Pumbaa,9.168
Rabbit,Junius Matthews,Winnie the Pooh and the Honey Tree,1.667
Rachel,None,Fantasia 2000,0.6
Rajah,Frank Welker,Aladdin,17.456
Rancis Fluggerbutter,Jamie Elman,Wreck-It Ralph,2.575
Rapunzel,Mandy Moore,Tangled,10.875
Ratty,Claud Allister,The Adventures of Ichabod and Mr. Toad,3.466
Ray the Firefly,Jim Cummings,The Princess and the Frog,10.483
Razoul,Jim Cummings,Aladdin,10.483
Red,Peter Firth,The Rescuers Down Under,7.46
Rhoda Dendron,Jennifer Darling,Darkwing Duck,5.144
Rico,Charles Dennis,Home on the Range,1.665
The Ringmaster,Herman Bing,Dumbo,0.704
"Robert ""Bobby"" Zimmeruski",Pauly Shore,A Goofy Movie,7.609
Robin Hood,Brian Bedford,Robin Hood,1.619
Roger Rabbit,Charles Fleischer,Who Framed Roger Rabbit,5.585
Rolly,Barbara Beaird,One Hundred and One Dalmatians,3.58
Ronno,Anthony Ghannam,Bambi II,0.706
Roo,Clint Howard,Winnie the Pooh and the Honey Tree,13.478
Roo,Dori Whittaker,Winnie the Pooh and the Honey Tree,
Roquefort the Mouse,Sterling Holloway,The Aristocats,9.849
The Rose,Doris Lloyd,Alice in Wonderland,4.077
Rosetta,Kristin Chenoweth,Disney Fairies,9.243
Roxanne,Kellie Martin,A Goofy Movie,8.786
Ruby,Cathy Moriarty,Lady and the Tramp II: Scamp's Adventure,13.76
Rufus,John McIntire,The Rescuers,8.037
Rusty the Dog,G.W. Bailey,Home on the Range,4.95
Rutt and Tuke,Rick Moranis; Dave Thomas,Brother Bear,6.2425
Sa'luk,Jerry Orbach,Aladdin and the King of Thieves,14.398
Sadira,Kellie Martin,Aladdin,8.786
Sam the Sheriff,Richard Riehle,Home on the Range,8.574
Sarah Hawkins,Laurie Metcalf,Treasure Planet,13.272
Sarousch,Michael McKean,The Hunchback of Notre Dame II,10.619
Scamp,Scott Wolf,Lady and the Tramp II: Scamp's Adventure,9.46
Scat Cat,Scatman Crothers,The Aristocats,7.752
Scratchy,None,Lady and the Tramp II: Scamp's Adventure,0.6
Scrooge McDuck,Alan Young,DuckTales,5.032
Scroop,Michael Wincott,Treasure Planet,11.621
Scuttle,Buddy Hackett,The Little Mermaid,8.981
Sebastian,Samuel E. Wright,The Little Mermaid,2.088
Secretary Bird,Lennie Weinrib,Bedknobs and Broomsticks,4.705
Sergeant Calhoun,Jane Lynch,Wreck-It Ralph,12.551
Shan Yu,Miguel Ferrer,Mulan,5.319
Sha-ron,Mary Gibbs,Mulan 2,1.4
Sheriff of Nottingham,Pat Buttram,Robin Hood,8.077
Shun Gon the Chinese Cat,Paul Winchell,The Aristocats,4.283
Si & Am,Peggy Lee,Lady and the Tramp,1.4
Silvermist,Lucy Liu,Disney Fairies,14.879
Sir Ector,Sebastian Cabot,The Sword in the Stone,8.309
Sir Giles,Claud Allister,The Reluctant Dragon,3.466
Sir Hiss,Terry-Thomas,Robin Hood,3.132
Sir Kay,Norman Alden,The Sword in the Stone,4.775
Sir Pellinore,Alan Napier,The Sword in the Stone,7.762
Sis Bunny,Dana Laurita,Robin Hood,2.073
Sitka,D. B. Sweeney,Brother Bear,11.266
Skippy Bunny,Billy Whittaker,Robin Hood,
Sleepy,Pinto Colvig,Snow White and the Seven Dwarfs,3.267
Slightly,Stuffy Singer,Peter Pan,0.6
Smarty the Weasel,David Lander,Who Framed Roger Rabbit,2.737
Smolder the Bear,Jim Cummings,Timon and Pumbaa,10.483
Sneezy,Billy Gilbert,Snow White and the Seven Dwarfs,1.553
Snow White,Adriana Caselotti,Snow White and the Seven Dwarfs,5.514
Snowanna Rainbeau,None,Wreck-It Ralph,0.6
Princess Sofia,Ariel Winter,Sofia the First,18.154
Sour Bill,Rich Moore,Wreck-It Ralph,4.116
Sparky,Mickey Rooney,Lady and the Tramp II: Scamp's Adventure,5.383
Speedy the Snail,Corey Burton,Timon and Pumbaa,9.168
Spot,Tara Strong,101 Dalmatians: The Series,14.56
Spring Sprite,Helena Bonham Carter,Fantasia 2000,34.527
Squeaks the Caterpillar,None,The Fox and the Hound,0.6
Stabbington Brothers,Ron Perlman,Tangled,14.034
Steelbeak,Rob Paulsen,Darkwing Duck,6.733
Stitch,Chris Sanders,Lilo & Stitch,5.246
Stu Hopps,Don Lake,Zootopia,5.8
Stupid the Weasel,Fred Newman,Who Framed Roger Rabbit,2.052
The Sultan,Douglas Seale,Aladdin,2.927
Sultan the Footstool,Frank Welker,Beauty and the Beast,17.456
Suri,Hayden Panettiere,Dinosaur,14.407
Sven,None,Frozen,0.6
"Swizzle ""The Swizz"" Malarkey",None,Wreck-It Ralph,0.6
Sylvia Marpole,Bebe Neuwirth,An Extremely Goofy Movie,9.994
Taffyta Muttonfudge,Mindy Kaling,Wreck-It Ralph,6.688
Tagalong Bunny,Dori Whittaker,Robin Hood,
Tanana,Joan Copeland,Brother Bear,1.943
Tank,Brad Garrett,An Extremely Goofy Movie,8.878
Tank Muddlefoot,Dana Hill,Darkwing Duck,4.972
Tantor,Wayne Knight,Tarzan,10.503
Taran,Grant Bardsley,The Black Cauldron,1.8
Tarzan,Tony Goldwyn,Tarzan,9.826
Tarzan,Alex D. Linz,Tarzan,4.738
Taurus Bulba,Tim Curry,Darkwing Duck,16.803
Ted Betterhead,Diedrich Bader,The Country Bears,15.296
Terence,Jesse McCartney,Disney Fairies,4.954
Terk,Rosie O'Donnell,Tarzan,3.086
Terpsichore,LaChanze,Hercules,4.083
Thalia,Roz Ryan,Hercules,2.027
Thomas O'Malley,Phil Harris,The Aristocats,5.047
Thumper,Peter Behn; Sam Edwards,Bambi,1.7965
Thumper's Mother,Margaret Lee,Bambi,4.911
Tiana,Anika Noni Rose,The Princess and the Frog,13.176
Tiger Lily,Cree Summer,Peter Pan,7.28
Tigger,Paul Winchell,Winnie the Pooh and the Blustery Day,4.283
Tillie Tiger,Alyce Ardell,Silly Symphonies,1.203
Timon's Mother,Julie Kavner,The Lion King 1½,13.431
Timothy Q. Mouse,Edward Brophy,Dumbo,3.378
Tinker Bell,Mae Whitman,Peter Pan,10.461
Tino Tonitini,Jason Marsden,The Weekenders,7.942
Tiny,Joe Mateo,Meet the Robinsons,1.108
Tip,Max Casella,The Little Mermaid II: Return to the Sea,10.672
Tipo,Eli Russell Linnetz,The Emperor's New Groove,3.52
Tobias the Reluctant Dragon,Barnett Parker,The Reluctant Dragon,1.4
Toby the Dog,Frank Welker,The Great Mouse Detective,17.456
Toby Tortoise,Eddie Holden,The Tortoise and the Hare,1.124
Toby Turtle,Richie Sanders,Robin Hood,0.6
Tod,Keith Coogan; Mickey Rooney,The Fox and the Hound,5.3615
Tootles,None,Peter Pan,0.6
Toots,Frank Welker,Bonkers,17.456
Toulouse,Gary Dubin,The Aristocats,1.749
Tramp,Larry Roberts,Lady and the Tramp,3.75
Trigger the Vulture,George Lindsey,Robin Hood,3.319
Trusty,Bill Baucom,Lady and the Tramp,1.292
Tug,Michael Clarke Duncan,Brother Bear,10.702
Tuskernini,Kenneth Mars,Darkwing Duck,5.394
Tweedledum and Tweedledee,J. Pat O'Malley,Alice in Wonderland,7.005
Two Fingers,Paul Briggs,The Princess and the Frog,2.229
Uncle Art,Adam West,Meet the Robinsons,6.548
Uncle Max,Jerry Stiller,The Lion King 1½,9.797
Uncle Waldo,Bill Thompson,The Aristocats,3.863
Url,None,Dinosaur,0.6
Ursula,Pat Carroll,The Little Mermaid,5.228
Vanellope von Schweetz,Sarah Silverman,Wreck-It Ralph,9.276
Vanessa (The Little Mermaid),Pat Carroll; Jodi Benson,The Little Mermaid,4.267
Victor,Charles Kimbrough,The Hunchback of Notre Dame,4.838
Vidia,Pamela Adlon,Disney Fairies,10.624
"Vincenzo ""Vinny"" Santorini",Don Novello,Atlantis: The Lost Empire,4.21
Vitani,Lacey Chabert; Jennifer Lien,The Lion King II: Simba's Pride,8.5295
Vixey,Sandy Duncan,The Fox and the Hound,3.021
Vladimir Goudenov Grizzlikof,Ron Feinberg,Darkwing Duck,1.4
Vulture Police,Townsend Coleman; Brian Cummings,Timon and Pumbaa,1.8135
Waffles,Frank Welker,Goof Troop,17.456
The Walrus,J. Pat O'Malley,Alice in Wonderland,7.005
Webby Vanderquack,Russi Taylor,DuckTales,4.868
Webster,Jim Cummings,Belle's Magical World,10.483
Wendy Darling,Kathryn Beaumont,Peter Pan,3.278
Wesley,Steve Buscemi,Home on the Range,21.859
Wheezy the Weasel,June Foray,Who Framed Roger Rabbit,5.718
White Rabbit,Bill Thompson,Alice in Wonderland,3.863
Widow Tweed,Jeanette Nolan,The Fox and the Hound,7.57
Wilbur,John Candy,The Rescuers Down Under,7.675
Wilbur Robinson,Wesley Singerman,Meet the Robinsons,1.4
Wilhelmina Packard,Florence Stanley,Atlantis: The Lost Empire,2.156
Willie the Giant,Billy Gilbert,Fun and Fancy Free,1.553
Winkie the Barman,Oliver Wallace,The Adventures of Ichabod and Mr. Toad,0.874
Winnie the Pooh,Sterling Holloway,Winnie the Pooh and the Honey Tree,9.849
Witherspoon,None,Belle's Magical World,0.6
Woolter the Ram,John DiMaggio,Zootopia,8.606
Wormwood the Raven,Jim Cummings,Sofia the First,10.483
Wreck-It Ralph,John C. Reilly,Wreck-It Ralph,12.67
Wynchel,Adam Carolla,Wreck-It Ralph,5.989
Xerxes,Frank Welker,Aladdin (TV series),17.456
Yao,Harvey Fierstein,Mulan,7.935
Yar,Ossie Davis,Dinosaur,4.359
Yax,Tommy Chong,Zootopia,4.022
Yen Sid,Corey Burton,Fantasia,9.168
Yo-Yo,None,Fantasia 2000,0.6
Yzma,Eartha Kitt,The Emperor's New Groove,4.648
Zarina,Christina Hendricks,The Pirate Fairy,20.758
Zephyr,Haley Joel Osment,The Hunchback of Notre Dame II,16.639
Zeus,Rip Torn,Hercules,12.153
Zini,Max Casella,Dinosaur,10.672
Zipper,Corey Burton,Chip 'n Dale Rescue Rangers,9.168
Zira,Suzanne Pleshette,The Lion King II: Simba's Pride,10.67
